Country Name,Country Code,1960,1961,1962,1963,1964,1965,1966,1967,1968,1969,1970,1971,1972,1973,1974,1975,1976,1977,1978,1979,1980,1981,1982,1983,1984,1985,1986,1987,1988,1989,1990,1991,1992,1993,1994,1995,1996,1997,1998,1999,2000,2001,2002,2003,2004,2005,2006,2007,2008,2009,2010,2011,2012,2013,2014,2015,2016,2017,2018,2019,2020,2021,2022,2023
Aruba,ABW,,,,,,,,,,,,,,,,,,,,,,,,,,,,,,,,,,,,,,,,,,,,,,,,,,,,,,,,,,,,,,,,
Africa Eastern and Southern,AFE,,,,,,,,,,,,,,,,,,,,,,,,,,,,,,,102.4158861,101.3069342,100.263872,99.17870007,99.86575095,96.40820151,94.80581441,93.08607166,90.80433038,88.28564237,85.55891819,82.50324752,79.37053949,76.20230254,73.02653975,70.01817136,67.28585678,64.60789371,62.01244034,59.73133978,57.63014072,55.59498006,53.71322022,52.02814507,50.51858549,49.13706055,47.79256486,46.42285254,45.08736935,43.89669956,42.85888817,41.8238206,40.79762455,
Afghanistan,AFG,,,231.4,227.6,223.9,220,216.5,212.9,209.3,205.6,202.1,198.5,194.8,191.2,187.5,183.8,180,176.1,172.2,168.1,164,159.8,155.6,151.2,147.1,143,138.9,134.7,130.6,126.5,122.5,118.7,115.1,111.8,108.6,105.5,102.7,99.9,97.2,94.6,92,89.3,86.6,83.7,80.9,78,75.1,72.3,69.6,67,64.6,62.3,60.1,58.1,56.2,54.6,53,51.5,50.1,48.8,47.4,46.1,44.8,
Africa Western and Central,AFW,,,,,,,,,,,,,,,,,,,,,,,,,,,,,,,113.6206379,112.7243128,111.9470339,111.1938004,110.3175689,109.1116367,107.6852267,105.877613,103.816387,101.5413734,99.0034981,96.39607709,93.73103829,91.01662481,88.3068568,85.6584281,83.23870936,80.9359069,78.86099599,76.9727977,75.23178501,73.70951852,72.28536145,70.93596854,69.8470234,68.6722269,67.49349641,66.30460209,65.00739852,63.59875035,62.15986315,60.67933473,59.13002875,
Angola,AGO,,,,,,,,,,,,,,,,,,,,,141.8,140.2,138.5,136.9,135.6,134.6,133.8,133.1,132.5,132.3,132.1,131.9,131.7,131.5,131.1,130.6,129.5,128,125.9,123.5,120.7,117.5,113.7,109.5,104.9,100.2,95.1,90,85,80,75.5,71,66.9,63.3,60.3,57.6,55.4,53.4,51.6,49.9,48.4,47,45.7,
Albania,ALB,,,,,,,,,,,,,,,,,,,76.8,71.3,66,61.3,57,53,49.5,46.3,43.4,40.9,38.7,36.9,35.2,33.9,32.7,31.6,30.6,29.5,28.5,27.4,26.3,25.2,24,22.9,21.6,20.4,19.1,17.8,16.5,15.3,14.1,12.9,11.9,10.8,10,9.3,8.8,8.5,8.4,8.3,8.3,8.3,8.4,8.4,8.4,
Andorra,AND,,,,,,,,,,,,,,,,,,,,,,,,,,10.2,10.1,9.8,9.6,9.4,9.1,8.9,8.6,8.4,8.1,7.9,7.6,7.3,7.1,6.8,6.5,6.3,6,5.8,5.6,5.3,5.1,4.9,4.7,4.4,4.3,4.1,3.9,3.7,3.5,3.4,3.2,3.1,3,2.9,2.8,2.7,2.6,
Arab World,ARB,,,,,,,,,,,,,,,,,,,,,,,,,,,,,,,58.68958156,57.12502133,55.28697639,53.71123666,52.2190582,50.82725116,49.32546513,47.90452227,46.49092726,45.11923959,43.70606812,42.29710849,41.00165736,39.7154126,38.51231213,37.35971118,36.22689661,34.94339205,33.77474649,32.67920922,31.54476316,30.6936152,30.16687064,29.45515611,28.64847169,28.04564564,27.47136182,26.89326133,26.44495495,25.72985337,25.0142508,24.58050273,23.97136794,
United Arab Emirates,ARE,,,,,,,,,,,,,,,,,39.2,35.3,31.7,28.5,25.6,23.2,21,19.2,17.6,16.2,15,14,13.1,12.3,11.6,11,10.5,10.1,9.7,9.4,9.1,8.9,8.7,8.5,8.4,8.2,8.1,8,7.8,7.7,7.5,7.4,7.3,7.1,7,6.8,6.7,6.5,6.3,6.1,5.9,5.6,5.3,5,4.8,4.5,4.3,
Argentina,ARG,,,,,,,,,,59.5,58.9,58.3,57.5,56.4,54.8,52.8,50.1,47,43.6,40.1,36.9,34.2,31.9,29.9,28.2,26.9,26.1,25.7,25.6,25.6,25.4,25.1,24.4,23.6,22.6,21.5,20.5,19.5,18.7,17.9,17.3,16.8,16.4,15.9,15.4,15,14.5,14.1,13.8,13.4,12.9,12.4,11.9,11.4,10.9,10.5,10.1,9.8,9.5,9.2,8.9,8.6,8.4,
Armenia,ARM,,,,,,,,,,,,,,,,,70,67.5,65,62.6,60.3,58.1,56,54.1,52.1,50.3,48.5,46.8,63.4,43.4,41.7,40.1,38.5,36.9,35.3,33.8,32.3,30.9,29.5,28.2,27,25.7,24.6,23.4,22.3,21.2,20.2,19.2,18.3,17.4,16.6,15.8,15,14.3,13.6,12.9,12.3,11.7,11.1,10.6,10.1,9.6,9.2,
American Samoa,ASM,,,,,,,,,,,,,,,,,,,,,,,,,,,,,,,,,,,,,,,,,,,,,,,,,,,,,,,,,,,,,,,,
Antigua and Barbuda,ATG,61.4,57.7,53.6,49.4,45,40.7,36.7,33,29.8,27,24.7,22.7,21.1,19.7,18.5,17.4,16.4,15.3,14.3,13.3,12.5,11.7,11.1,10.7,10.4,10.2,10.1,10.2,10.3,10.5,10.8,11.1,11.5,11.9,12.2,12.4,12.6,12.7,12.6,12.4,12.2,12,11.7,11.5,11.2,11,10.8,10.5,10.3,10.1,10,9.8,9.6,9.5,9.4,9.2,9.1,9,8.8,8.7,8.5,8.3,8.1,
Australia,AUS,20.3,19.9,19.5,19.1,18.7,18.5,18.3,18.2,18.1,18,17.8,17.4,16.9,16.1,15.3,14.4,13.5,12.6,11.9,11.3,10.8,10.4,10.1,9.8,9.6,9.3,9.1,8.8,8.4,8,7.6,7.1,6.7,6.3,6,5.8,5.6,5.4,5.3,5.2,5.1,5,5,4.9,4.8,4.8,4.7,4.5,4.4,4.2,4,3.8,3.6,3.5,3.4,3.3,3.2,3.2,3.2,3.2,3.2,3.2,3.2,
Austria,AUT,37.2,35,32.9,31.2,29.6,28.3,27.3,26.4,25.7,25.3,25.1,24.7,24.1,23,21.5,19.8,18.1,16.7,15.5,14.6,13.9,13.2,12.6,11.9,11.3,10.7,10.1,9.4,8.9,8.4,8,7.6,7.2,6.7,6.2,5.7,5.3,5,4.8,4.7,4.6,4.5,4.4,4.3,4.2,4.1,4,3.9,3.8,3.7,3.6,3.5,3.3,3.2,3.1,3.1,3,3,2.9,2.9,2.8,2.7,2.6,
Azerbaijan,AZE,,,,,,,,,,,,,,,,,,,,,,,86.5,84.7,82.7,80.9,79.4,78,76.8,76,75.8,75.9,76.2,76.2,75.9,74.9,73.3,71,68.1,64.7,61,57.2,53.6,50.3,47.1,44.3,41.7,39.3,37,34.8,32.7,30.7,28.8,26.9,25.2,23.6,22,20.6,19.4,18.4,17.6,16.8,16.1,
Burundi,BDI,,,,,142.1,143.4,144.5,145.6,146.8,147.6,148.2,148.5,164.1,148.7,148.6,148.2,147.3,145.2,142,137.6,132.1,126.4,120.4,114.7,109.8,106,103.4,102.1,101.9,102.2,102.9,103.7,104.2,109.7,104.4,103.8,102.8,101.2,99.3,97,94.4,91.6,88.6,85.4,81.9,78.1,74.1,70,66.2,62.6,59.2,56.1,53.2,50.5,48.1,46,44.1,42.5,41.1,39.8,38.6,37.5,36.4,
Belgium,BEL,29.5,28.2,27,26,25,24.1,23.3,22.6,21.9,21.2,20.5,19.6,18.6,17.7,16.7,15.8,14.9,14.1,13.4,12.8,12.2,11.7,11.1,10.6,10.2,9.8,9.5,9.2,8.9,8.6,8.3,8,7.7,7.3,6.8,6.4,5.9,5.6,5.3,5.1,4.9,4.7,4.5,4.4,4.3,4.1,4,3.9,3.8,3.8,3.7,3.6,3.5,3.5,3.4,3.4,3.4,3.3,3.3,3.3,3.2,3.1,3.1,
Benin,BEN,184,181,177.9,174.7,171.5,168.4,165.3,162.3,159.4,156.6,153.8,151.1,148.3,145.4,142.5,139.5,136.5,133.5,130.7,128.1,125.7,123.4,121.2,119.1,117,114.8,112.7,110.6,108.4,106.3,104.1,102,99.8,97.8,95.7,93.8,91.9,90.1,88.3,86.5,84.7,83,81.2,79.5,77.9,76.3,74.8,73.4,72,70.7,69.4,68.1,66.8,65.5,64.3,63,61.8,60.5,59.2,57.9,56.4,55,53.6,
Burkina Faso,BFA,155.8,154.2,152.7,151.4,150.2,149.1,148.1,147.2,146.2,145.2,144.2,142.9,141,138.5,135.3,131.6,127.6,123.6,120.1,116.9,114.2,111.9,109.8,108,106.2,104.5,102.7,101.1,99.8,98.9,98.3,98,97.9,97.7,97.4,96.7,95.7,94.6,93.3,91.9,90.5,88.9,87.2,85.2,82.9,80.4,77.7,75.1,72.5,70.2,68,66,64.2,62.5,61,59.4,57.9,56.5,55.1,53.8,52.5,51.2,50.1,
Bangladesh,BGD,175.1,170.8,166.8,163.3,160.3,157.7,155.6,154,153,152.3,168.7,209.1,151.7,151.4,150.7,149.5,148,146,143.6,140.9,137.9,134.7,131.4,127.9,124.2,120.4,116.6,112.8,108.9,105,101.1,97.1,93.1,89.2,85.2,81.3,77.4,73.6,69.9,66.4,63,59.9,57,54.3,51.7,49.3,47,44.8,42.7,40.7,38.9,37.2,35.6,34.1,32.7,31.4,30.1,28.9,27.8,26.7,25.7,24.9,24.1,
Bulgaria,BGR,44.7,40.2,36.7,34.1,32.5,31.5,31.1,30.7,30.1,29,27.6,26.5,25.7,25.2,24.7,24.2,23.5,22.7,21.7,20.7,19.7,18.8,18.1,17.3,16.5,15.7,15,14.4,14.1,14.2,14.6,15,15.2,15.4,15.5,15.5,15.6,15.6,15.4,14.9,14.4,13.8,13.2,12.5,11.8,11,10.4,9.9,9.6,9.3,9,8.7,8.2,7.7,7.3,6.8,6.4,6.1,5.8,5.6,5.4,5.2,5,
Bahrain,BHR,133.1,122.7,113.3,104.4,96,88.2,80.9,74.3,68.1,62.4,57.2,52.5,48.3,44.4,40.9,37.9,35.2,32.8,30.7,28.7,27,25.5,24.2,23,22,21.2,20.6,20.1,19.9,19.7,19.6,19.3,18.8,18,16.8,15.6,14.3,13.1,12.1,11.3,10.7,10.3,10,9.7,9.4,9.1,8.8,8.5,8.1,7.8,7.4,7.2,7,6.8,6.6,6.5,6.4,6.2,6.1,6,5.9,5.7,5.6,
"Bahamas, The",BHS,,,,,,,,,24.6,25,25.4,25.8,26.1,26.4,26.5,26.4,26.2,25.9,25.6,25.2,24.8,24.5,24.2,24,23.8,23.6,23.2,22.5,21.7,20.9,20,19.1,18.2,17.4,16.6,15.8,15.1,14.5,14,13.8,13.8,13.9,14.1,14.3,14.4,14.4,14.3,14.2,13.9,13.6,13.3,13,12.7,12.4,12.2,12,11.9,11.8,11.7,15.4,11.5,11.3,11.2,
Bosnia and Herzegovina,BIH,,,,,,,,,,,,,,,,,,,,,,,,,26.1,24,22.1,20.4,18.8,17.4,16.1,15,30.7,30.6,12.4,14.1,11,10.4,9.8,9.1,8.5,8,7.5,7.1,6.8,6.5,6.3,6.2,6.1,6,5.8,5.7,5.7,5.6,5.5,5.5,5.5,5.5,5.5,5.5,5.4,5.3,5.2,
Belarus,BLR,37.4,33.7,30.5,27.9,25.6,23.8,22.3,21.2,20.2,19.5,18.9,18.5,18.2,18,17.9,17.8,17.7,17.6,17.4,17.1,16.7,16.2,15.7,15.2,14.7,14.2,13.6,13.2,12.7,12.3,12.1,12.1,12.2,12.3,12.4,12.4,12.2,11.9,11.4,10.7,10,9.2,8.5,7.9,7.3,6.7,6.2,5.6,5.1,4.7,4.3,4,3.7,3.5,3.3,3.1,2.9,2.7,2.5,2.4,2.2,2,1.9,
Belize,BLZ,,,,,,,,78.8,75.9,73,70.2,67.6,65.2,62.9,60.7,58.6,56.7,54.8,53,51.3,49.6,48,46.3,44.6,42.9,41.1,39.2,37.3,35.4,33.6,31.8,30.2,28.6,27.2,26,24.9,23.9,23,22.2,21.4,20.6,19.9,19.3,18.7,18.3,17.8,17.4,17.1,16.8,16.4,16.1,15.6,15.2,14.7,14.1,13.5,12.9,12.2,11.6,11.1,10.5,9.9,9.4,
Bermuda,BMU,,,,,,,,,,,,,,,,,,,,,,,,,,,,,,,,,,,,,,,,,,,,,,,,,,,,,,,,,,,,,,,,
Bolivia,BOL,175.4,172.2,169,165.9,162.7,159.6,156.4,153.1,149.9,146.6,143.3,140,136.7,133.2,129.8,126.3,122.9,119.7,116.6,113.6,110.9,108.3,105.8,103.3,100.8,98.1,95.4,92.6,89.7,86.9,84,81.2,78.4,75.7,72.9,70.1,67.3,64.5,61.6,58.8,55.9,53.2,50.5,48,45.6,43.3,41.1,39,37,35.1,33.3,31.6,30,28.5,27,25.8,24.7,23.6,22.7,21.8,21,20.3,19.6,
Brazil,BRA,127.4,124.2,121.3,118.4,115.7,113.2,110.9,108.6,106.3,104.2,101.9,99.5,97.1,94.8,92.4,90,87.5,85,82.2,79.4,76.4,73.3,70.4,67.6,65.1,62.7,60.5,58.5,56.5,54.6,52.5,50.4,48.2,45.8,43.4,41,38.6,36.4,34.3,32.2,30.3,28.5,26.7,25,23.5,22,20.6,19.4,18.4,17.4,16.6,16,15.4,14.9,14.5,14.2,15,13.7,13.4,13.2,13,12.8,12.5,
Barbados,BRB,70.5,65.6,61.4,57.7,54.4,51.5,49,46.8,44.8,42.8,40.8,38.9,37,35.1,33.2,31.4,29.7,28,26.4,24.9,23.5,22.4,21.4,20.6,19.9,19.3,18.7,18.1,17.5,16.8,16.2,15.5,14.9,14.3,13.8,13.5,13.2,13.1,13.1,13.2,13.4,13.6,13.8,14,14.1,14.1,14,13.8,13.6,13.5,13.3,13.1,13,12.8,12.6,12.4,12.1,11.7,11.4,11.1,10.7,10.4,10.1,
Brunei Darussalam,BRN,,,,47.1,44.5,42.3,40.3,38.6,37.1,35.6,34.1,32.4,30.5,28.6,26.6,24.6,22.6,20.8,19,17.3,15.8,14.6,13.5,12.5,11.8,11.2,10.8,10.4,10.3,10.2,10.2,10.2,10.3,10.2,10.1,9.8,9.5,9.2,8.9,8.6,8.4,8.2,8,7.9,7.9,7.8,7.9,7.9,8,8.1,8.1,8.2,8.3,8.4,8.5,8.5,8.5,8.6,8.6,8.6,8.6,8.6,8.5,
Bhutan,BTN,,,,,,,,,183.3,179.3,174.9,170.8,166.3,162.1,157.8,153.4,149,144.8,140.6,136.2,131.6,127,122.4,118,113.7,109.6,105.5,101.5,97.6,93.8,90.2,86.7,83.3,80.1,76.9,73.8,70.6,67.4,64.3,61.2,58.4,55.6,52.7,49.9,47.1,44.4,41.7,39.3,36.9,34.6,32.6,30.7,29.1,27.8,26.6,25.5,24.6,23.6,22.9,22.1,21.4,20.7,20.1,
Botswana,BWA,114,110.8,107.9,105.1,102.7,100.2,97.9,95.4,92.7,90,87.1,84.1,81.1,78,74.8,71.4,67.8,64.3,60.8,57.5,54.6,51.9,49.5,47.2,45,43,41,39.2,37.7,36.9,36.8,37.4,38.3,39.3,40.4,41.8,40.6,40.7,40.1,39.5,38.3,37.5,38.1,39.5,41,39.9,41,44.1,45.7,45.3,45.6,46.2,42.2,40.4,40.3,38.9,38.1,35.4,34.3,33.5,32.7,32.1,31.2,
Central African Republic,CAF,163.2,160.8,158.4,156,153.4,150.8,148.3,145.7,143.1,140.6,138.1,135.8,133.7,131.7,129.8,128,126.3,124.7,123.2,121.8,120.6,119.5,118.6,117.8,117.3,116.8,116.4,116.1,115.8,115.5,115.1,114.7,114.3,113.8,113.3,112.7,111.9,111.2,110.3,109.2,108,106.7,105.3,103.6,101.8,100,97.7,95.8,94.1,92.2,90.5,88.8,87.3,86.4,84.8,83.3,82,81.2,79.9,78.3,76.9,75.1,73.5,
Canada,CAN,27.8,26.9,26,25,24,23.1,22.1,21.2,20.3,19.4,18.5,17.6,16.7,15.9,15,14.1,13.3,12.5,11.7,11,10.3,9.7,9.2,8.7,8.3,8,7.7,7.5,7.3,7,6.8,6.6,6.4,6.2,6,5.8,5.6,5.5,5.4,5.3,5.3,5.3,5.3,5.3,5.3,5.2,5.2,5.1,5.1,5,5,4.9,4.8,4.8,4.7,4.7,4.6,4.6,4.5,4.5,4.5,4.4,4.3,
Central Europe and the Baltics,CEB,,,,,,,,,,,,,,,,,,,,,,,,,,,,,,,16.04377945,15.45335321,15.11607807,14.71929569,14.30775467,13.68915834,13.00478425,12.3818523,11.7307682,11.06633186,10.38372097,9.846233032,9.536429435,9.277011936,8.90048878,8.458640497,7.923676957,7.387344875,6.976707061,6.610925744,6.171280333,5.875296068,5.617650377,5.323765744,5.090170541,4.883225174,4.661775795,4.44361397,4.232414679,4.057092724,3.984085203,3.922489944,3.936791412,
Switzerland,CHE,21.7,21.2,20.7,20.1,19.3,18.4,17.6,16.9,16.3,15.6,15,14.3,13.6,12.8,12,11.2,10.5,9.8,9.2,8.8,8.4,8.1,7.8,7.6,7.4,7.3,7.2,7.1,7,6.8,6.6,6.4,6.1,5.8,5.5,5.2,5.1,4.9,4.8,4.7,4.7,4.6,4.5,4.5,4.4,4.3,4.2,4.1,4,4,3.9,3.9,3.8,3.8,3.7,3.7,3.7,3.6,3.6,3.5,3.5,3.5,3.5,
Channel Islands,CHI,,,,,,,,,,,,,,,,,,,,,,,,,,,,,,,,,,,,,,,,,,,,,,,,,,,,,,,,,,,,,,,,
Chile,CHL,125.6,122.2,117.9,112.3,104.7,95.2,85.8,77.9,72,68.2,66.4,65.6,64.7,62.8,59.2,53.7,47.2,40.8,35.2,30.8,27.6,25.1,22.7,20.7,19.4,18.9,18.7,18.5,18,17.2,16.1,14.9,13.7,12.7,11.8,11.1,10.6,10.4,10.1,9.8,9.3,8.7,8.4,8.1,7.9,7.8,7.7,7.6,7.6,7.6,7.5,7.3,7.2,7.1,7,6.8,6.7,6.6,6.4,6.2,5.9,5.7,5.4,
China,CHN,,,,,,,,,,83.3,79.5,75.9,72.4,68.8,65.2,61.5,58,54.7,51.6,49,46.8,45.1,43.7,42.8,42.2,41.9,42,42.2,42.6,42.8,42.8,42.5,41.9,41,39.9,38.5,37,35.4,33.7,31.9,29.9,27.8,25.7,23.5,21.4,19.4,17.7,16.1,14.8,13.6,12.5,11.5,10.5,9.7,8.9,8.2,7.6,7,6.4,6,5.5,5.1,4.8,
Cote d'Ivoire,CIV,213.8,208.2,202.7,197.4,192.2,187.2,182.2,177.3,172.6,167.8,163.1,158,152.8,147.4,142,136.6,131.3,126.4,122,118.2,115.2,112.7,110.5,108.7,107.3,106.2,105.4,104.8,104.5,104.3,104.1,103.9,103.6,103.2,102.6,101.8,100.8,99.5,97.9,96.2,94.3,92.3,90.1,87.9,85.7,83.3,81.2,78.8,76.5,74.3,72.3,70.5,68.6,66.6,64.7,62.9,61.5,60,58.5,56.7,55.3,53.8,52.4,
Cameroon,CMR,165.6,161.9,158.7,155.9,153.1,149.7,145.7,141,135.8,130.7,126.1,122.1,118.9,116.7,115.2,114.3,113.7,112.9,111.8,110,107.7,105,101.8,98.4,94.9,91.7,88.9,86.7,85.4,84.8,84.9,85.7,86.8,88.1,89.4,90.2,90.7,90.8,90.3,89.3,87.8,86,84,81.9,79.9,78.3,76.4,74.8,72.9,71.3,68.8,66.8,64.5,62,60.1,57.8,56.2,54.3,52.7,51.4,49.9,48.3,47,
"Congo, Dem. Rep.",COD,,,,,,,,,,151.1,149.4,147.8,146.2,144.4,142.7,141,139.1,137.4,135.7,134,132.4,130.8,129.3,127.9,126.5,125.2,124,122.7,121.6,120.5,119.3,118.2,117.1,116.1,115.1,114,112.9,111.5,110,108.3,106.3,104.2,102,99.8,97.5,95.2,92.8,90.4,88,85.7,83.4,81.2,78.9,76.7,74.6,72.8,70.9,69.1,67.2,65.4,63.6,61.9,60.1,
"Congo, Rep.",COG,115.8,111.7,108,104.6,101.5,98.4,95.3,92.4,89.7,87.3,85,83,81,79.3,77.4,75.8,74.3,72.7,71.2,69.7,68.3,66.9,65.5,63.9,62.5,61.2,60.1,59.4,58.9,59,59.4,60.3,61.6,63.3,65.1,67.1,69.1,71,72.3,72.7,72,70.3,67.6,64.3,60.5,56.7,53.1,49.8,47,44.9,43.2,41.9,40.8,39.8,38.8,37.8,36.7,35.7,34.8,35.9,33,32.1,31.2,
Colombia,COL,94.2,91.4,88.7,86.2,83.8,81.5,79.3,77.1,74.9,72.6,70.3,68,65.6,63.1,60.6,58,55.4,52.8,50.2,47.7,45.2,42.9,40.7,38.7,36.8,37.2,33.7,32.4,31.2,30.2,29.3,28.4,27.5,26.6,25.8,24.9,24.1,23.3,22.6,21.9,21.2,20.6,20,19.4,18.9,18.3,17.8,17.3,16.8,16.2,15.7,15.2,14.8,14.3,13.8,13.4,13,12.6,12.2,11.8,11.4,11,10.6,
Comoros,COM,,,,,,,,,,,155.2,151.2,147.4,143.9,140.4,137,133.4,129.9,126.3,122.7,119.1,115.7,112.3,109,105.7,102.6,99.6,96.7,93.9,91.2,88.7,86.2,83.8,81.5,79.3,77.4,75.6,74,72.5,71.1,69.7,68.2,66.8,65.4,63.8,62.3,60.7,59.2,57.6,56.1,54.6,53.1,51.6,50.2,48.8,47.3,45.7,44.3,42.9,41.7,40.5,39.3,38.2,
Cabo Verde,CPV,118.6,116.9,115,112.9,110.9,108.4,105.8,102.9,99.7,96,92.1,88,83.8,79.6,75.5,71.6,68.1,65.1,62.7,60.8,59.5,58.7,58.2,57.8,57,55.9,54.1,51.9,49.5,47.3,45.4,44.2,43.6,43.2,42.6,41.6,39.8,37.3,34.3,31.2,28.4,26.1,24.4,23.4,22.9,22.8,22.8,22.8,22.6,22.1,21.4,20.5,19.4,18.2,16.9,15.7,14.6,13.7,12.8,12.1,11.5,11,10.6,
Costa Rica,CRI,67.1,64,66.4,70.1,71.2,69.6,66.7,63.8,61.8,61.4,60.8,58.1,53.1,47.6,43.1,38.7,33.7,28.4,23.9,20.8,19.2,18.7,19.1,19.6,19.9,19.6,18.7,17.1,15.5,14.5,14.1,13.7,13.3,13,12.8,12.7,12.6,12.6,12.3,11.8,11.1,10.5,10.2,10,9.9,9.8,9.7,9.6,9.5,9.4,9.2,8.9,8.6,8.2,7.9,7.7,7.6,7.5,7.3,7.2,7,6.9,6.9,
Caribbean small states,CSS,,,,,,,,,,,,,,,,,,,,,,,,,,,,,,,33.1196754,32.05918264,31.00304666,30.17913174,29.45520477,28.63544885,27.97546935,27.23483068,26.61921979,26.07024384,25.47289658,24.91143686,24.43892446,23.95612134,23.48816351,22.97295708,22.6640679,22.18483677,21.67697449,21.2373052,20.98020194,20.60282891,20.18003799,19.89772361,19.36145549,18.96076375,18.51297909,18.05159698,17.59699064,17.67790618,16.81887167,16.36931062,15.86948097,
Cuba,CUB,36.5,36.7,36.8,36.8,36.6,36.2,35.6,34.8,33.8,32.7,31.4,30,28.5,27,25.5,24.1,22.7,21.4,20.2,19.1,18,17.1,16.3,15.5,14.7,14,13.3,12.7,12,11.4,10.9,10.3,9.8,9.4,8.9,8.5,8.2,7.8,7.5,7.2,6.9,6.6,6.3,6.1,5.9,5.6,5.4,5.3,5.1,5,4.9,4.8,4.8,4.7,4.8,4.8,4.9,5,5.2,5.4,5.6,5.9,6.2,
Curacao,CUW,,,,,,,,,,,,,,,,,,,,,,,,,,,,,,,,,,,,,,,,,,,,,,,,,,,,,,,,,,,,,,,,
Cayman Islands,CYM,,,,,,,,,,,,,,,,,,,,,,,,,,,,,,,,,,,,,,,,,,,,,,,,,,,,,,,,,,,,,,,,
Cyprus,CYP,,,,,,,,,,,,35.4,34.5,33.6,32.6,31.1,29.2,26.8,24.3,21.9,19.7,17.9,16.2,14.6,13.2,11.9,11,10.4,10.1,10,9.9,9.8,9.4,9,8.5,8,7.5,7,6.5,6,5.6,5.2,4.9,4.5,4.2,3.9,3.7,3.4,3.2,3,2.8,2.6,2.5,2.4,2.4,2.4,2.4,2.4,2.5,2.5,2.6,2.7,2.7,
Czechia,CZE,21.4,21,20.9,21,21.1,21.3,21.4,21.5,21.4,21.3,21.1,20.7,20.3,19.9,19.4,18.7,18,17.2,16.4,15.5,14.6,13.8,13.1,12.7,12.4,12.2,11.9,11.5,11,10.7,10.3,9.9,9.3,8.6,7.9,7.1,6.4,5.8,5.2,4.8,4.5,4.3,4.1,3.9,3.7,3.6,3.4,3.2,3,2.9,2.7,2.6,2.6,2.5,2.5,2.6,2.6,2.6,2.5,2.4,2.3,2.2,2.1,
Germany,DEU,,,,,,,,,23.5,22.8,22.1,21.3,20.6,19.7,18.7,17.7,16.6,15.5,14.4,13.5,12.6,11.8,11,10.4,9.8,9.2,8.7,8.3,7.8,7.4,7,6.6,6.2,5.9,5.5,5.3,5,4.8,4.7,4.5,4.4,4.3,4.2,4.1,4,3.9,3.8,3.7,3.6,3.5,3.5,3.4,3.4,3.3,3.3,3.3,3.3,3.2,3.2,3.2,3.1,3.1,3,
Djibouti,DJI,,,,,,,,,,,,,,,,,129.1,125.8,122.3,119.2,116.1,113.2,110.3,107.5,104.8,102,99.5,97,94.8,92.8,91,89.4,88.1,87,86,85,84.1,83,81.7,80.4,79,77.4,75.8,74.1,72.5,70.7,69,67.2,65.5,63.7,62,60.4,58.8,57.2,55.7,54.2,52.7,51,49.7,48.3,46.8,45.5,44.1,
Dominica,DMA,79.9,74.2,68.8,63.8,59.2,54.8,50.8,47.1,43.6,40.5,37.5,34.8,32.3,30,28,26.1,24.4,22.9,21.5,20.4,19.3,18.4,17.6,16.9,16.3,15.8,15.3,15,14.7,14.5,14.4,14.3,14.2,14.2,14.3,14.4,14.6,14.8,15,15.3,15.7,16.1,16.5,17,17.5,18.1,18.7,19.3,20,20.7,21.5,22.3,23.1,23.9,24.8,25.6,26.5,27.3,28.1,28.9,29.6,30.3,30.8,
Denmark,DNK,21.3,20.8,20.2,19.5,18.7,17.8,16.9,16.1,15.3,14.6,13.9,13.2,12.4,11.6,10.9,10.2,9.7,9.2,8.8,8.5,8.2,8,7.9,7.9,7.9,8,8,8,7.9,7.7,7.3,6.9,6.5,6.1,5.7,5.4,5.2,5,4.9,4.8,4.7,4.6,4.5,4.4,4.2,4.1,3.9,3.8,3.6,3.6,3.5,3.5,3.5,3.5,3.5,3.5,3.5,3.4,3.4,3.3,3.2,3.1,3.1,
Dominican Republic,DOM,102,101.3,100.3,99.1,97.6,96,94.3,92.5,90.7,88.8,86.9,84.8,82.5,80.1,77.5,75,72.5,70.1,67.8,65.7,63.6,61.6,59.6,57.8,56,54.3,52.6,50.9,49.3,47.6,45.9,44.3,42.7,41.1,39.5,38,36.6,35.3,34.2,33.2,32.3,31.6,31,30.5,30.1,29.7,29.4,29.2,29.1,29,28.9,28.8,28.8,28.8,28.8,28.8,28.9,28.8,28.7,28.4,27.9,27.4,26.8,
Algeria,DZA,145.1,145.2,145.5,145.9,146.4,146.9,147.2,147.3,147,146.2,144.7,142.7,140.1,137,133.4,129.4,125.1,120.5,115.6,110,103.5,96,87.1,77.2,67.7,59.4,52.9,48.4,45.6,43.9,43,42.5,42.1,41.8,41.3,40.6,39.8,38.9,37.9,36.8,35.6,34.3,33,31.6,30.3,29,27.8,26.6,25.6,24.7,23.9,23.3,22.8,22.4,22,21.7,21.4,21,20.6,20.1,19.7,19.2,18.7,
East Asia & Pacific (excluding high income),EAP,,,,,,,,,,,,,,,,,,,,,,,,,,,,,,,45.65727717,45.30617549,44.36008331,43.25214399,42.01632271,41.08385334,39.64694567,38.16154267,36.63952012,35.05863167,33.24190425,31.6013865,29.84774164,27.65641276,26.25866983,24.28871616,22.86170826,21.48217278,20.6261329,19.10696307,18.09912123,17.20187346,16.03022102,15.40516247,14.55566875,14.10330113,13.34343732,12.71820071,12.73689724,12.51105451,12.6766737,12.64826922,12.29181745,
Early-demographic dividend,EAR,,,,,,,,,,,,,,,,,,,,,,,,,,,,,,,76.17973228,74.20451475,72.41619414,70.64737208,69.47067467,67.21016664,65.41165448,63.66676843,61.84755614,59.89943993,57.99614564,56.15419018,54.35903082,52.47889615,50.82991021,48.90461516,47.09902187,45.37907651,43.8546602,42.00665243,40.47630916,38.80492758,37.27369745,35.81066791,34.30804609,32.97013982,31.80351431,30.60397464,29.57647688,28.55342748,27.51655695,26.63829434,25.7361189,
East Asia & Pacific,EAS,,,,,,,,,,,,,,,,,,,,,,,,,,,,,,,43.6,43,42,40.8,39.6,38.7,37.3,35.9,34.4,32.9,31.3,29.8,28.1,26.1,24.8,23,21.6,20.4,19.5,18.1,17.2,16.3,15.3,14.7,13.9,13.4,12.7,12.2,12.2,11.9,12.1,12,11.7,
Europe & Central Asia (excluding high income),ECA,,,,,,,,,,,,,,,,,,,,,,,,,,,,,,,47.80693741,46.93776496,46.52140596,46.01281976,45.13187903,44.37630718,42.87072697,41.19200637,39.49595605,37.6280652,35.55456122,33.49156614,31.55905558,29.60879298,27.84669907,26.20288577,24.61590375,23.23288466,21.80468688,20.50353163,19.38188169,18.24122826,17.17750208,16.28344905,15.45980899,14.72556523,14.03627477,13.51161656,13.11214615,12.75239646,12.3067854,11.87393674,11.48840897,
Europe & Central Asia,ECS,,,,,,,,,,,,,,,,,,,,,,,,,,,,,,,24.9,24.5,24.2,23.9,23.4,22.8,21.8,20.8,19.8,18.7,17.6,16.7,15.7,14.7,13.9,13.2,12.5,11.8,11.2,10.7,10.1,9.7,9.3,9,8.6,8.3,7.9,7.5,7.3,7.1,6.9,6.6,6.4,
Ecuador,ECU,119.5,116.1,113.1,110.1,107.4,105,102.7,100.7,98.9,97.1,95.3,93.2,90.7,87.8,84.6,81.2,77.9,74.9,71.9,69.1,66.3,63.5,60.6,57.8,55,52.5,50.1,48,45.9,44,42.2,40.3,38.5,36.6,34.8,32.9,31,29.2,27.5,26,24.6,23.4,22.4,21.5,20.6,19.9,19.1,18.4,17.6,16.9,16.2,15.5,14.8,14.2,13.7,13.2,12.7,12.4,12,11.6,11.2,10.8,10.5,
"Egypt, Arab Rep.",EGY,213.4,206.3,199.3,192.6,186.4,180.8,176.2,172.3,169.2,166.6,164.4,161.9,159,155.2,150.5,145.1,139.2,133,126.7,120.6,114.8,108.9,102.8,96.6,90.1,83.9,78.3,73.4,69.2,65.8,62.9,60.2,57.5,54.9,52.1,49.4,46.6,44,41.5,39.3,37.2,35.3,33.6,32,30.6,29.4,28.2,27.1,26,25,24,23,22.1,21.3,20.5,19.7,19.1,18.4,17.8,17.2,16.6,16,15.5,
Euro area,EMU,,,,,,,,,,,,,,,,,,,,,,,,,,,,,,,8.013923197,7.669264083,7.295198985,6.886037274,6.424649007,6.051512787,5.673592527,5.372575463,5.147736507,4.934189208,4.735003888,4.535752948,4.362019903,4.22317607,4.031301052,3.902685922,3.796902121,3.675187552,3.571088349,3.462365787,3.411299297,3.320801932,3.266785711,3.217349769,3.193441002,3.197149577,3.186183535,3.133557317,3.111054896,3.08651587,3.019247435,2.981013284,2.919310526,
Eritrea,ERI,,,,,,,,,,,,,,,128.5,126,123.5,121.2,119.2,117.3,115.8,114.3,112.8,111.2,109.5,107.5,105.5,103.1,100.5,97.5,94,90.2,86,81.6,77.1,72.8,68.8,65.1,61.9,58.9,56.3,53.9,51.8,49.8,47.9,46.2,44.6,43.1,41.7,40.3,39.1,38,37,36,35,34.1,33.1,32.2,31.4,30.5,29.7,28.9,28,
Spain,ESP,46.8,44.9,42.9,40.9,39,37.2,35.5,33.7,31.9,29.9,27.8,25.7,23.6,21.8,20.1,18.6,17.2,15.9,14.6,13.4,12.4,11.5,10.7,10.1,9.6,9.2,8.8,8.4,8.1,7.8,7.4,7.1,6.7,6.3,5.9,5.5,5.2,4.9,4.7,4.5,4.4,4.2,4.1,4.1,3.9,3.8,3.7,3.6,3.4,3.3,3.2,3,2.9,2.9,2.8,2.8,2.7,2.7,2.7,2.7,2.6,2.6,2.5,
Estonia,EST,,,,,,,,,,,,,,,,,,,,,17.8,17.1,16.5,16,15.5,15.1,14.8,14.5,14.3,14.1,14,13.9,13.7,13.4,13,12.4,11.7,11,10.2,9.4,8.7,8,7.3,6.7,6.2,5.6,5.1,4.7,4.3,3.9,3.6,3.3,3.1,2.8,2.6,2.4,2.3,2.1,1.9,1.8,1.7,1.5,1.5,
Ethiopia,ETH,,,,,,,163.7,146.7,146.5,146.3,146.1,146,145.6,145.6,145.5,145.3,145.1,144.9,144.3,143.5,142.4,140.9,139,136.8,134.3,131.8,129.6,127.4,125.2,122.9,120.5,117.7,114.8,111.5,108.1,104.6,101,97.5,94.1,90.8,87.4,84,80.5,77,73.4,69.8,66.4,63.1,60.1,57.2,54.6,52.1,49.7,47.5,45.5,43.6,41.8,40.1,38.6,37.3,36.1,35,33.9,
European Union,EUU,,,,,,,,,,,,,,,,,,,,,,,,,,,,,,,10.0963847,9.626786591,9.182948236,8.749278611,8.295293731,7.782064489,7.297182489,6.894679514,6.553649131,6.219233169,5.907992268,5.635503238,5.426630066,5.263084328,5.038549768,4.867803752,4.66978826,4.469388588,4.315959788,4.162491083,4.00595983,3.856129118,3.761594223,3.655209487,3.59092183,3.546700973,3.494197921,3.413887579,3.345129407,3.282437675,3.210518492,3.163323956,3.114880456,
Fragile and conflict affected situations,FCS,,,,,,,,,,,,,,,,,,,,,,,,,,,,,,,100.4462596,99.44320003,98.45782568,97.58094116,96.42107009,95.45022397,93.92520265,92.06250871,90.04816702,88.07449269,85.8785779,83.55027249,81.20367751,78.85854219,76.47744186,74.23372604,72.00851058,69.81209199,68.24161499,66.00339935,64.61058687,62.86557666,61.57343183,60.27238734,59.14321548,58.10681892,57.10254035,56.03142466,54.95156732,53.70611431,52.47294268,51.27864414,49.98301897,
Finland,FIN,22,20.6,19.5,18.4,17.4,16.6,15.8,15.1,14.4,13.8,13.2,12.6,12,11.4,10.7,10.1,9.4,8.7,8.1,7.6,7.1,6.8,6.5,6.3,6.1,6,6,5.9,5.8,5.7,5.5,5.3,5,4.7,4.5,4.2,4.1,3.9,3.7,3.6,3.5,3.4,3.3,3.3,3.2,3.1,3,2.8,2.7,2.6,2.5,2.3,2.2,2.2,2.1,2,2,1.9,1.9,1.9,1.9,1.9,1.9,
Fiji,FJI,58.7,56.4,54.3,52.3,50.4,48.7,47.3,46.1,45.3,44.6,44.2,43.9,43.7,43.5,43,42.4,41.4,40.2,38.8,37.3,35.8,34.2,32.8,31.4,30.2,29.1,28,27,26,25.1,24.3,23.4,22.7,22,21.3,20.8,20.3,19.9,19.6,19.4,19.3,19.2,19.3,19.4,19.6,19.8,19.9,19.9,19.7,19.3,18.9,18.4,18.1,17.9,17.9,18.2,18.7,19.5,20.5,21.6,22.6,23.3,23.6,
France,FRA,23.7,22.4,21.4,20.4,19.4,18.6,17.8,17.2,16.5,15.8,15.1,14.3,13.6,13.1,12.7,12.3,11.8,11.4,10.9,10.5,10.1,9.8,9.4,9.1,8.8,8.5,8.3,8.1,7.9,7.7,7.5,7.1,6.7,6.2,5.7,5.3,4.9,4.6,4.4,4.3,4.1,3.9,3.7,3.6,3.4,3.3,3.3,3.2,3.2,3.1,3.1,3.1,3.1,3.1,3.1,3.2,3.3,3.3,3.3,3.3,3.3,3.3,3.3,
Faroe Islands,FRO,,,,,,,,,,,,,,,,,,,,,,,,,,,,,,,,,,,,,,,,,,,,,,,,,,,,,,,,,,,,,,,,
"Micronesia, Fed. Sts.",FSM,88.5,85.3,82.1,79,76,73.2,70.4,67.8,65.3,63,60.9,58.8,56.9,55.2,53.6,52.2,50.9,49.7,48.7,47.8,47.1,46.5,46,45.4,44.9,44.2,43.3,42.3,41.2,40.1,39.1,38.3,37.5,36.9,36.3,35.6,34.9,34,33.2,32.4,31.6,30.9,32.1,30,29.8,29.7,29.7,29.7,29.5,29.1,28.6,28,27.4,26.7,26,25.3,24.6,23.9,23.1,22.5,21.7,21.1,20.5,
Gabon,GAB,,,,,117.8,114.4,111.3,108.3,105.3,102.6,99.9,97.1,94.5,91.9,89.3,86.9,84.5,82.1,79.8,77.5,75.4,73.3,71.3,69.4,67.6,66,64.5,63.2,62,61,60.1,59.3,58.7,58.1,57.7,57.3,56.8,56.2,55.6,54.7,53.6,52.5,51.4,50.2,48.9,47.7,46.6,45.1,43.9,43,41.5,40.1,38.8,37.5,36.6,35.4,34.1,33.4,32.4,31.2,29.9,29.5,28.8,
United Kingdom,GBR,22.9,22.5,22,21.4,20.8,20.2,19.6,19.1,18.7,18.4,18,17.7,17.2,16.6,16,15.4,14.7,14.1,13.4,12.7,12.1,11.4,10.8,10.3,10,9.7,9.4,9.1,8.8,8.4,7.9,7.4,6.9,6.6,6.3,6.1,6,5.8,5.7,5.6,5.6,5.5,5.4,5.3,5.2,5.1,5,4.9,4.8,4.6,4.4,4.3,4.1,4,3.9,3.9,3.8,3.8,3.8,3.8,3.7,3.6,3.6,
Georgia,GEO,,,,,,,,,,,,,,,,58.1,56.2,54.5,52.8,51.1,49.4,47.9,46.4,45,43.8,42.9,42.1,41.6,41.2,41,40.7,40.4,40.1,39.8,39.3,38.6,37.7,36.6,35.2,33.6,31.7,29.7,27.5,25.3,23.1,20.9,18.9,17,15.3,13.9,12.6,11.6,10.8,10.2,9.7,9.3,9.1,8.9,8.8,8.6,8.5,8.4,8.3,
Ghana,GHA,123.9,122.8,122,121.3,120.7,120.5,120.4,120.5,120.7,120.7,120.6,119.9,118.7,116.9,114.6,111.9,109.1,106.4,104.3,102.6,101.5,100.7,99.9,98.8,97.3,95,92.3,89.2,85.9,82.7,80,77.6,75.8,74.5,73.6,72.7,71.6,70.3,68.7,66.7,64.5,62.2,60.1,58.2,56.6,55.1,53.8,52.4,50.9,49.2,47.3,45.5,43.8,42.1,40.6,39.2,37.9,36.6,35.5,34.4,33.4,32.5,31.6,
Gibraltar,GIB,,,,,,,,,,,,,,,,,,,,,,,,,,,,,,,,,,,,,,,,,,,,,,,,,,,,,,,,,,,,,,,,
Guinea,GIN,208.9,207.5,206.2,204.6,202.9,201.3,199.4,197.6,195.6,193.6,191.8,189.8,187.8,185.6,183.4,181,178.4,175.7,172.8,169.7,166.7,163.7,160.7,157.9,155.1,152.3,149.5,146.7,143.9,140.9,137.7,134.2,130.5,126.8,123,119.1,115.4,111.7,108,104.3,100.6,97.1,93.6,90.5,87.6,85.1,82.9,81,79.4,78,76.7,75.5,74.3,73.2,72.7,71.7,70.1,69,67.8,66.6,65.2,63.7,62.2,
"Gambia, The",GMB,152.8,150,147.5,145,142.4,140,137.5,135.1,132.8,130.4,128,125.6,123.2,120.7,118.2,115.8,113.4,111,108.7,106.4,104.1,101.8,99.5,97.1,94.7,92.3,89.9,87.6,85.4,83.2,81.1,79.1,77,75,73,71,69,67,65.1,63.3,61.5,59.7,58,56.3,54.6,53,51.4,49.9,48.4,47,45.6,44.3,43.1,41.9,40.7,39.5,38.4,37.4,36.4,35.4,34.5,33.7,32.8,
Guinea-Bissau,GNB,,,,,,,,,,,,,,,,,,,,,,,,,,144.3,141.6,138.9,136.3,133.8,131.2,128.8,126.2,123.7,121.1,118.4,115.7,113,110.3,107.6,104.8,102,99,95.9,92.6,89.3,86,82.6,79.2,75.8,72.6,69.5,66.7,64.2,62,60,58.1,56.4,54.7,53.1,51.5,50.1,48.6,
Equatorial Guinea,GNQ,,,,,,,,,,,,,,,,,,,,,,,135.1,132.6,130,127.8,125.9,124.2,122.8,121.8,120.7,119.8,118.8,117.9,117.2,116.3,115,113.4,111.5,109.3,106.9,104.3,101.6,98.9,96.1,93.2,90.3,87.3,84.4,81.7,79,76.7,74.4,72.1,69.9,67.8,65.8,64,62,60.1,58.4,56.7,55.1,
Greece,GRC,38.6,38,37.3,36.4,35.4,34.4,33.4,32.3,30.8,29.2,27.7,26.3,25.3,24.5,23.8,23.1,22.2,21.1,19.9,18.6,17.4,16.3,15.3,14.5,13.7,12.9,12.1,11.3,10.5,9.9,9.3,8.8,8.4,8,7.7,7.4,7,6.7,6.3,5.9,5.5,5.1,4.8,4.4,4.1,3.9,3.7,3.5,3.4,3.4,3.3,3.4,3.4,3.5,3.5,3.6,3.6,3.6,3.5,3.5,3.4,3.4,3.3,
Grenada,GRD,61.2,57.4,53.5,49.7,46.2,43,40.4,38.3,36.6,35.2,34.2,33.3,32.7,32.1,31.6,31.1,30.6,29.9,29.2,28.4,27.5,26.5,25.5,24.4,23.4,22.4,21.4,20.5,19.6,18.8,18,17.1,16.4,15.7,15,14.5,14.1,13.7,13.4,13.2,13,12.8,12.7,12.6,12.5,12.4,12.4,12.4,12.4,12.5,12.6,12.7,12.9,13,13.1,13.3,13.5,13.7,13.9,14.1,14.3,14.4,14.4,
Greenland,GRL,,,,,,,,,,,,,,,,,,,,,,,,,,,,,,,,,,,,,,,,,,,,,,,,,,,,,,,,,,,,,,,,
Guatemala,GTM,147.8,144.5,141.2,138,134.9,131.8,128.7,125.5,122.3,119.2,116.1,113.1,110,106.9,103.8,100.8,107.3,94.8,91.8,88.9,86,83.1,89.2,77.5,74.7,72,69.4,66.8,64.2,61.8,59.5,57.2,55.1,53,51.1,49.2,47.4,45.7,44,42.5,41,39.6,38.2,36.9,35.6,34.4,33.1,32,30.8,29.7,28.6,27.6,26.5,25.6,24.6,23.7,23,22.2,21.5,20.8,20.1,19.4,18.8,
Guam,GUM,,,,,,,,,,,,,,,,,,,,,,,,,,,,,,,,,,,,,,,,,,,,,,,,,,,,,,,,,,,,,,,,
Guyana,GUY,67.2,64.7,62.7,60.9,59.5,58.3,57.4,56.7,56.2,55.8,55.6,55.4,55.3,55.2,55.1,54.9,54.6,54.3,54,53.6,53.2,52.8,52.4,51.9,51.4,50.9,50.3,49.6,48.8,47.9,46.9,45.8,44.8,43.7,42.6,41.6,40.7,39.8,38.8,37.9,37.1,36.3,35.5,34.7,34,33.4,32.8,32.2,31.6,31,30.5,30,29.4,28.8,28.1,27.4,26.6,25.9,25.2,24.4,23.7,23,22.3,
High income,HIC,,,,,,,,,,,,,,,,,,,,,,,,,,,,,,,10.7,10.2,9.7,9.3,8.8,8.4,8,7.7,7.4,7.1,6.9,6.7,6.5,6.3,6.1,6,5.8,5.6,5.5,5.3,5.2,5,4.9,4.8,4.7,4.6,4.5,4.5,4.4,4.3,4.3,4.2,4.1,
"Hong Kong SAR, China",HKG,,,,,,,,,,,,,,,,,,,,,,,,,,,,,,,,,,,,,,,,,,,,,,,,,,,,,,,,,,,,,,,,
Honduras,HND,139.1,134.9,130.8,126.7,122.8,119,115.3,111.7,108.1,104.5,100.9,97.4,93.9,90.5,96.6,83.9,80.7,77.6,74.6,71.6,68.7,65.9,63.2,60.5,58,55.6,53.3,51.1,49,47,45.1,43.3,41.5,40,38.4,37,35.6,34.3,42.1,31.7,30.5,29.3,28.1,27,25.9,24.9,24,23.1,22.3,21.5,20.8,20.1,19.4,18.8,18.1,17.5,16.9,16.3,15.8,15.2,14.7,14.2,13.8,
Heavily indebted poor countries (HIPC),HPC,,,,,,,,,,,,,,,,,,,,,,,,,,,,,,,108.8011804,107.0857026,105.518822,104.0206444,103.9653533,100.4606301,98.50449797,96.37260328,94.11511151,91.40010443,88.53350747,85.49803999,82.38813306,79.33234423,76.28634859,73.38132209,70.74852832,68.20503171,65.89470178,63.75056728,62.06000761,59.89039346,58.08430488,56.35943188,54.84959704,53.41165492,51.95340362,50.55337339,49.20241009,47.95376556,46.73906386,45.58958464,44.45085947,
Croatia,HRV,,,,,,,,,,,,,,,,,,,,,,19.3,18.4,17.5,16.6,15.7,14.7,13.8,12.9,12,11.2,11,10,9.5,9,8.7,8.3,8,7.7,7.4,7.2,6.9,6.6,6.3,6,5.8,5.5,5.3,5,4.8,4.7,4.5,4.4,4.3,4.2,4.2,4.1,4.1,4,4,4,3.9,3.9,
Haiti,HTI,194.9,191.8,188.7,185.6,182.4,179.3,176,172.8,169.5,166.1,162.7,159.3,155.7,152.1,148.6,145.1,141.6,138.3,134.9,131.6,128.4,125.3,122.2,119.2,116.3,113.5,110.8,108.1,105.5,102.9,100.3,97.7,95,92.3,89.7,87,84.2,81.6,79,76.5,74.2,72,70,68.2,66.5,65,63.6,62.3,61,59.8,81.6,57.4,56.3,55.1,53.9,52.7,51.5,50.2,49.1,47.8,46.4,45.1,44,
Hungary,HUN,48,45.5,43.9,42.6,41.3,40,38.8,37.7,36.8,35.9,35.1,34.8,34.9,34.8,33.8,31.9,29.5,26.8,24.4,22.6,21.4,20.5,20,19.7,19.5,19.3,18.6,17.5,16.5,15.8,15.3,14.6,13.7,12.6,11.7,10.9,10.3,9.9,9.5,9.1,8.7,8.2,7.6,7.2,6.8,6.4,6.1,5.8,5.5,5.3,5.1,5,4.8,4.7,4.5,4.2,4,3.8,3.6,3.4,3.4,3.3,3.3,
IBRD only,IBD,,,,,,,,,,,,,,,,,,,,,,,,,,,,,,,56.15469877,55.84100402,54.92343142,53.81240303,52.65589932,51.41756369,50.05903018,48.68985064,47.28425306,45.76756306,44.04305265,42.62222563,40.97365061,39.24440154,37.63231777,35.79628242,34.09466019,32.43685067,30.83813818,29.32916838,27.96199099,26.64287588,25.04521907,24.0347972,22.67733309,21.85305674,20.88044632,19.86163621,19.55900639,18.90545319,18.50870318,18.09136334,17.43454026,
IDA & IBRD total,IBT,,,,,,,,,,,,,,,,,,,,,,,,,,,,,,,69.26720716,69.27336975,68.53077035,67.61393042,66.8236274,65.43586635,64.1703048,62.78972232,61.31050133,59.70509603,57.72715742,56.08648264,54.26661807,52.38513836,50.53482154,48.58692743,46.79642489,45.037353,43.42327639,41.80353003,40.51368899,39.16439702,37.57989758,36.59800129,35.34811966,34.57830315,33.53973982,32.59636852,32.33706687,31.73300958,31.40015294,30.92127071,30.13982692,
IDA total,IDA,,,,,,,,,,,,,,,,,,,,,,,,,,,,,,,102.6912803,101.0822482,99.56505817,98.10544753,97.23326732,94.71118888,92.82583713,90.69765558,88.45153822,85.99206507,83.3869244,80.69513904,78.03045777,75.45300409,72.95411468,70.51723856,68.29692704,66.14195223,64.42491054,62.47760274,61.00892747,59.37426645,57.97258545,56.54724542,55.26598182,54.03386453,52.74627687,51.52840036,50.25236884,48.95630719,47.71968812,46.56949368,45.37924518,
IDA blend,IDB,,,,,,,,,,,,,,,,,,,,,,,,,,,,,,,102.6960529,101.9610062,101.2225255,100.4854239,99.55492018,98.36375585,96.90460701,95.14854211,93.15634998,91.11140535,88.91657296,86.67469627,84.4732876,82.37383032,80.27394872,78.25594401,76.34109711,74.48800124,72.73881229,71.24360372,69.87936485,68.63237909,67.33573869,66.04452292,64.81880841,63.59939724,62.41112422,61.20978183,59.81823793,58.40851302,56.94213319,55.53498759,54.06087874,
Indonesia,IDN,149.4,145.5,141.9,138.3,134.7,144.8,127.5,123.8,120.2,116.8,113.4,110.1,106.9,103.8,100.8,97.9,95.1,92.5,89.9,87.5,85.1,82.7,80.4,78.1,75.8,73.5,71.1,68.8,66.5,64.1,61.7,59.3,56.9,54.7,52.5,50.4,48.3,46.3,44.5,42.6,40.9,39.3,37.7,36.2,36.9,33.5,32.3,31,29.9,28.9,27.8,26.8,25.8,24.9,24,23.1,22.3,21.5,20.7,20,19.4,18.7,18.1,
IDA only,IDX,,,,,,,,,,,,,,,,,,,,,,,,,,,,,,,102.6888926,100.6386703,98.72441147,96.90956972,96.06654282,92.88324891,90.78206336,88.47636536,86.09696178,83.41751681,80.59618232,77.64930614,74.7305368,71.92040463,69.21699818,66.55676236,64.17201141,61.81159381,60.06226245,57.8436083,56.29283566,54.43242333,52.97561448,51.50083845,50.22031762,49.02369977,47.70386388,46.4992931,45.30718393,44.10459514,42.9996647,42.0126173,40.98218329,
Isle of Man,IMN,,,,,,,,,,,,,,,,,,,,,,,,,,,,,,,,,,,,,,,,,,,,,,,,,,,,,,,,,,,,,,,,
India,IND,,,,,,,,143.3,141.6,139.9,138,136,133.8,131.4,128.7,125.8,122.6,119.2,115.7,112.2,108.9,105.7,102.9,100.2,97.8,95.5,93.2,90.9,88.6,86.4,84.4,82.5,80.7,79,77.4,75.7,73.9,72.1,70.3,68.4,66.4,64.5,62.6,60.6,58.7,56.8,54.8,52.8,50.8,48.7,46.7,44.6,42.5,40.5,38.5,36.5,34.7,32.9,31.3,29.7,28.1,26.8,25.5,
Not classified,INX,,,,,,,,,,,,,,,,,,,,,,,,,,,,,,,,,,,,,,,,,,,,,,,,,,,,,,,,,,,,,,,,
Ireland,IRL,30.4,29.2,28.1,27.1,26,24.7,23.4,22,20.7,19.7,19.1,18.6,18.3,17.9,17.5,16.9,16.1,15.2,14.1,13.1,12,11,10.3,9.7,9.3,8.9,8.6,8.4,8.2,8,7.6,7.2,6.8,6.4,6.2,6.1,6.1,6.1,6.1,6.1,6,5.8,5.5,5.1,4.7,4.4,4.1,3.9,3.8,3.6,3.5,3.5,3.4,3.3,3.3,3.2,3.1,3,2.9,2.9,2.8,2.8,2.7,
"Iran, Islamic Rep.",IRN,,,,,,,,,,,,127,121.4,116.1,110.9,105.6,100.1,94.3,88.5,82.7,77.2,72.1,67.5,63.5,60,56.9,54.2,51.6,49.2,46.9,44.7,42.8,41.1,39.5,38.1,36.8,35.4,34.1,32.7,31.2,29.8,28.3,26.8,25.3,23.7,22.3,21,19.7,18.5,17.5,16.5,15.7,15,14.4,13.8,13.3,12.8,12.3,11.9,11.5,11.1,10.7,10.3,
Iraq,IRQ,128.7,121.7,115.6,109.9,104.6,99.8,95.2,91,87.1,83.4,80,76.7,73.6,70.6,67.8,65.2,62.7,60.3,58.1,56.2,54.3,52.6,51,49.6,48.2,46.9,45.7,44.7,43.7,42.9,42.1,41.4,40.7,40.1,39.4,38.8,38.2,37.5,36.9,36.2,35.6,34.9,34.3,33.7,33,32.4,31.7,31,30.2,29.4,28.6,27.8,27,26.2,25.4,24.7,23.9,23.2,22.5,21.8,21.2,20.6,20,
Iceland,ISL,17.3,17,16.7,16.3,15.9,15.4,14.9,14.4,13.9,13.4,12.9,12.4,11.9,11.4,10.9,10.3,9.8,9.3,8.7,8.2,7.7,7.3,6.9,6.6,6.3,6,5.8,5.6,5.4,5.2,5,4.8,4.7,4.5,4.3,4.1,3.9,3.7,3.5,3.4,3.2,3,2.8,2.7,2.6,2.5,2.4,2.3,2.2,2.2,2.1,2.1,2.1,2.1,2,2.1,2.1,2.1,2.1,2.1,2.1,2.1,2,
Israel,ISR,38.9,37.1,35.5,33.9,32.3,30.9,29.6,28.3,27.2,26.3,25.4,24.6,23.9,23.1,22.1,21,19.8,18.5,17.4,16.3,15.4,14.7,14,13.4,12.8,12.1,11.5,11,10.5,10.1,9.6,9.2,8.6,8.1,7.6,7.2,6.8,6.4,6.1,5.9,5.6,5.4,5.2,4.9,4.7,4.5,4.3,4.1,4,3.8,3.7,3.5,3.4,3.3,3.2,3.2,3.1,3,2.9,2.9,2.8,2.8,2.7,
Italy,ITA,44.2,42.6,40.9,39.1,37.4,35.8,34.4,33.2,32,30.9,29.6,28.1,26.4,24.5,22.4,20.5,18.8,17.3,16.1,15.1,14.2,13.4,12.6,11.9,11.2,10.5,9.9,9.5,9,8.7,8.4,8,7.7,7.3,6.8,6.4,6,5.6,5.3,5,4.7,4.5,4.3,4.1,3.9,3.8,3.7,3.6,3.5,3.4,3.4,3.3,3.2,3.1,3.1,3,2.9,2.8,2.7,2.6,2.5,2.3,2.2,
Jamaica,JAM,60.4,58,55.8,53.9,52.3,50.9,49.5,48.2,46.9,45.5,43.9,42.3,40.7,39.2,37.7,36.3,35.1,33.9,32.8,31.8,30.8,29.9,29,28.2,27.4,26.6,25.9,25.2,24.6,24,23.4,22.8,22.3,21.7,21.1,20.5,19.9,19.2,18.6,18,17.5,17.1,16.8,16.5,16.4,16.4,16.4,16.4,16.4,16.3,16.3,16.3,16.2,16.1,16.1,16,16,16,16.1,16.1,16.2,16.2,16.1,
Jordan,JOR,106.8,101.2,96,91.1,86.5,82.3,78.4,74.8,71.4,68.3,65.3,62.6,59.9,57.5,55.1,52.9,50.8,48.8,46.8,44.9,43.1,41.4,39.7,38.1,36.7,35.2,33.9,32.6,31.5,30.5,29.5,28.6,27.8,27,26.3,25.6,25,24.4,23.8,23.2,22.6,22,21.4,20.9,20.3,19.8,19.3,18.7,18.2,17.7,17.2,16.8,16.3,15.9,15.5,15.1,14.6,14.2,13.8,13.4,13,12.6,12.2,
Japan,JPN,30.4,27.9,25.4,23.1,21,19.2,17.6,16.3,15.1,14.2,13.4,12.6,11.9,11.2,10.6,10,9.4,8.8,8.3,7.8,7.4,7,6.6,6.2,5.8,5.5,5.2,5,4.8,4.7,4.6,4.5,4.4,4.4,4.2,4.1,4,3.8,3.6,3.4,3.3,3.1,3,2.9,2.8,2.8,2.7,2.6,2.5,2.4,2.3,2.3,2.2,2.1,2.1,2,2,1.9,1.9,1.8,1.8,1.8,1.7,
Kazakhstan,KAZ,,,,,,,,,,,,68.8,67.4,65.9,64.6,63.5,62.5,61.5,60.6,59.3,57.9,56.4,54.8,53.1,51.4,49.9,48.4,47,45.7,44.6,44,43.8,44,44.5,44.8,44.7,44,42.6,40.8,38.7,36.6,34.5,32.5,30.7,28.9,27.3,25.6,23.8,21.9,20.1,18.2,16.4,14.6,13,11.6,10.6,9.8,9.4,9.2,9.1,9,8.9,8.7,
Kenya,KEN,117.1,112.7,108.8,105.6,102.9,100.8,99.1,97.6,96,94.2,92.4,90.6,88.6,86.5,84.3,81.9,79.5,77,74.4,72,69.8,67.7,65.8,64.3,63,62.1,61.6,61.6,62.2,63.2,64.4,65.7,66.6,67.1,66.9,66.2,65.2,64,62.4,60.5,58.2,55.6,52.9,50.2,47.5,44.5,42.2,40.3,38.1,37.4,36.9,36.4,36.5,36,35.2,34.1,33.6,33.4,32.8,32.2,31.8,31,30.5,
Kyrgyz Republic,KGZ,,,,,,,,,,,,,,,,87.6,86,84.4,82.8,81,79,76.6,74,71.1,68,64.8,61.7,58.7,56.1,54.4,53.3,53.2,53.6,53.9,53.5,52.3,50.5,48.3,46.1,44,42,40.1,38.4,36.8,35.4,34.1,32.8,31.3,29.7,27.9,26.1,24.4,23.1,22,20.9,19.8,18.8,17.8,17,16.3,15.9,15.6,15.4,
Cambodia,KHM,,,,,,,,,,,,,,,,,,,164.3,130.4,116.3,105,96.9,91.6,88.5,86.7,85.6,85,84.8,84.8,84.8,84.8,85,85.5,86.1,86.6,86.8,86.5,85.4,83.1,79,73.4,67.3,61.7,56.9,52.9,49.4,46.3,43.2,40.2,37.3,34.6,32.2,30.2,28.6,27.1,25.9,24.7,23.6,22.7,21.9,21.1,20.3,
Kiribati,KIR,134.2,131.1,127.7,123.9,120,116,112.1,108.3,104.6,101.1,97.9,94.9,92.3,90.3,88.8,87.8,86.9,86.3,85.7,84.8,83.9,82.8,81.6,80.3,78.8,77.2,75.3,73.3,71,68.7,66.3,64,61.9,60,58.3,56.9,55.5,54.3,53,51.8,50.6,49.5,48.5,47.8,47.3,46.9,46.7,46.4,46,45.6,45.3,45,44.9,45,45.3,45.7,46.1,46.3,46.4,46.1,45.5,44.8,43.9,
St. Kitts and Nevis,KNA,,,,,,,,,,,,,,52.7,50.8,49.2,47.6,46.2,44.7,43,41.1,39,36.9,34.7,32.6,30.8,29.2,27.9,26.8,25.9,25.3,24.8,24.4,24.1,23.8,23.4,23,22.4,21.7,21,20.1,19.2,18.3,17.6,16.9,16.4,16,15.7,15.6,15.5,15.5,15.6,15.7,15.8,15.8,15.7,15.5,15.2,14.8,14.5,14.1,13.7,13.3,
"Korea, Rep.",KOR,79.8,76.3,73.2,70.2,67.1,63.9,60.5,57.1,53.7,50.3,47.2,44.4,42,39.9,38.2,36.7,35.4,34.1,32.8,31.3,29.7,28.1,26.3,24.4,22.6,20.8,19.1,17.5,16,14.7,13.5,12.4,11.4,10.6,9.7,9,8.4,7.8,7.3,6.8,6.5,6.1,5.8,5.5,5.1,4.8,4.4,4.1,3.9,3.7,3.5,3.4,3.3,3.2,3.1,3,2.9,2.8,2.8,2.7,2.6,2.5,2.4,
Kuwait,KWT,97.4,91.5,85.9,80.6,75.5,70.8,66.5,62.5,58.9,55.7,52.8,50.1,47.5,45,42.6,40.3,38.1,35.9,33.8,31.7,29.5,27.3,25,22.8,21,19.5,18.4,17.5,16.7,15.9,16,14.4,13.8,13.4,13,12.6,12.3,11.9,11.5,11.2,11,10.8,10.6,10.5,10.3,10.1,10,9.8,9.7,9.5,9.2,8.9,8.5,8.2,8,7.8,7.7,7.6,7.6,7.5,7.5,7.5,7.4,
Latin America & Caribbean (excluding high income),LAC,,,,,,,,,,,,,,,,,,,,,,,,,,,,,,,45.45685911,43.69983376,41.90679706,40.09263036,38.26704759,36.49963946,34.73711975,33.04952147,31.6944465,29.89492888,28.49272163,27.15140397,25.86576406,24.69032659,23.6165948,22.58686912,21.61845677,20.75869199,19.96025295,19.18220389,19.14746646,17.89606573,17.31393398,16.76621086,16.26384022,15.85805652,15.82970153,15.13080168,14.76569404,14.40807618,14.05983399,13.71886046,13.34913887,
Lao PDR,LAO,,,,,,,,,,,,,,,,,,,144.6,140.9,137.3,133.8,130.5,127.2,124,120.8,117.8,114.8,111.8,108.7,105.6,102.4,99.2,96.1,93,90,87.1,84.3,81.6,78.9,76.2,73.6,71,68.4,65.8,63.3,60.7,58.3,55.9,53.6,51.4,49.2,47.2,45.3,43.4,41.7,40,38.6,37.2,36,34.8,33.7,32.7,
Lebanon,LBN,55.9,54.3,52.9,51.6,50.5,49.5,48.6,47.8,47.3,46.9,46.5,46.2,45.9,45.5,45.1,44.5,43.8,43,42.1,41.1,40,38.7,37.5,36.1,34.7,33.2,31.8,30.4,29,27.7,26.5,25.3,24.2,23.2,22.2,21.3,20.4,19.5,18.7,17.8,17,16.1,15.3,14.4,13.7,12.9,12.3,11.8,11.4,11.1,10.8,10.7,10.6,10.6,10.7,10.9,11.2,11.6,12,12.6,13.3,14.1,14.9,
Liberia,LBR,208.8,209,208.7,208,207,205.5,203.4,200.9,198,194.6,191,187.8,184.6,181.6,178.4,175.3,172.2,169.5,166.9,164.6,162.5,160.6,159.2,158.5,158.6,159.8,162.2,165.6,169.4,173.1,176,177.3,176.8,174.5,170.3,164.8,158.3,151,143.6,135.8,127.7,119.5,111.8,104.2,97,90.6,85.2,80.8,77.1,74.1,71.7,69.8,68.1,66.7,67.6,64.5,63.1,62,60.7,59.3,57.8,56.4,54.9,
Libya,LBY,162.7,154.5,146.7,139,131.7,124.8,118.1,111.7,105.7,100,94.7,89.7,84.9,80.3,76.1,72.1,68.5,65.1,62.2,59.5,56.9,54.5,52.2,50,47.8,45.7,43.5,41.5,39.4,37.4,35.6,33.9,32.3,30.8,29.6,28.4,27.4,26.5,25.6,24.8,24.1,23.4,22.7,21.9,21,19.8,18.6,17.3,16.1,15,14.2,15,12.9,12.3,11.8,11.4,10.9,10.5,10.2,9.8,9.5,9.2,8.9,
St. Lucia,LCA,89.1,86.2,83,79.4,75.7,71.7,67.7,63.6,59.5,55.6,51.7,48,44.4,41.1,38,35.2,32.7,30.4,28.3,26.5,24.9,23.5,22.3,21.2,20.3,19.5,18.9,18.3,17.8,17.4,17.1,16.8,16.6,16.4,16.2,16.1,16,15.9,15.9,15.8,15.8,15.8,15.8,15.9,15.9,16,16,16,16.1,16.1,16.2,16.2,16.2,16.2,16.2,16.2,16.2,16.2,16.2,16.2,16.2,16.1,16,
Latin America & Caribbean,LCN,,,,,,,,,,,,,,,,,,,,,,,,,,,,,,,43.5,41.8,40.1,38.4,36.7,35,33.4,31.8,30.5,28.8,27.5,26.2,25,23.9,22.8,21.8,20.9,20.1,19.3,18.6,18.6,17.4,16.9,16.4,16,15.7,15.9,15.2,14.9,14.6,14.2,13.9,13.5,
Least developed countries: UN classification,LDC,,,,,,,,,,,,,,,,,,,,,,,,,,,,,,,108.5776574,106.4071846,104.3505008,102.3513593,101.4456738,98.01531567,95.77200132,93.31114757,90.72168311,88.00523534,85.06009208,82.01716276,78.93517714,75.93543173,72.97773732,70.21817858,67.63908729,65.1342101,63.28937471,60.76232022,59.0942831,56.98652638,55.20840524,53.52132192,52.0612568,50.71869455,49.29661292,47.97877381,46.69857965,45.50074655,44.3623843,43.33501076,42.26104345,
Low income,LIC,,,,,,,,,,,,,,,,,,,,,,,,,,,,,,,109.9,108.2,106.4,104.6,104.8,101.7,99.6,97.4,95,92.4,89.6,86.5,83.5,79.8,76.8,74,71.3,68.6,66.2,64.1,62.2,60.4,58.8,57.2,55.9,54.5,53.1,51.8,50.5,49.2,47.9,46.8,45.7,
Liechtenstein,LIE,,,,,,,,,,,,,,,,,,,,,,,,,,,,,,,,,,,,,,,,,,,,,,,,,,,,,,,,,,,,,,,,
Sri Lanka,LKA,68.1,65.4,63.6,62.2,61,59.7,58.1,56.4,54.9,53.8,53,52.5,52,51.3,50.4,49,47.1,44.8,42.1,39.4,36.8,34.6,32.4,30.1,27.7,25.2,23,21.2,20,20.8,19,18.7,18.5,18.2,17.9,17.4,16.9,16.4,15.7,15,14.4,13.8,13.4,13,17.6,12.1,11.5,10.8,10.3,13.6,9.6,9.3,8.9,8.4,8,7.5,7.1,6.8,6.5,6.2,6,5.7,5.6,
Lower middle income,LMC,,,,,,,,,,,,,,,,,,,,,,,,,,,,,,,83.2,81.6,80.1,78.8,77.5,76.2,74.7,73.1,71.3,69.4,67.4,65.4,63.4,61.4,59.5,57.5,55.7,53.9,52.3,50.4,48.9,47.3,45.7,44.1,42.7,41.4,40.2,39.1,37.9,36.9,35.8,34.8,33.7,
Low & middle income,LMY,,,,,,,,,,,,,,,,,,,,,,,,,,,,,,,70.66722836,70.65092391,69.79818346,68.78529388,67.96274002,66.63138845,65.32826231,63.89593989,62.3827478,60.73374304,58.73331851,57.08420369,55.2543469,53.27070432,51.40672537,49.43423815,47.63212588,45.87349292,44.25957753,42.61669296,41.30328601,39.91338534,38.2965073,37.28992664,36.01733391,35.22960397,34.14023704,33.14201703,32.86790696,32.22700182,31.88527848,31.39205982,30.59385924,
Lesotho,LSO,139.6,139,139.1,139.6,140,140.3,140.1,139.2,137.7,135.6,133.1,130.5,127.7,124.7,121.4,117.7,113.5,109.1,104.6,100.1,95.6,91.4,87.3,83.8,80.6,77.6,75.1,72.9,71,69.4,68.2,67.5,67.4,67.8,68.8,69.5,69.8,69.9,70.1,70.4,70.9,70.9,71.1,71.4,72.1,72.8,72.5,70.6,73,69.1,65.9,63.2,63.5,63.9,63.1,62.9,63,62.4,61.4,60.7,59.2,57.7,56.4,
Late-demographic dividend,LTE,,,,,,,,,,,,,,,,,,,,,,,,,,,,,,,40.4016012,39.56191735,38.69421953,37.67301943,36.45750803,35.57328156,34.09450875,32.59672513,31.07927713,29.49789759,27.83515631,26.03640317,24.29476439,22.15797735,20.61910457,19.00877456,17.63999014,16.34539907,15.24540463,14.29344533,13.34632632,12.5587597,11.70099225,11.07351024,10.40206261,9.880458616,9.396241763,8.795521824,8.508088966,8.223295138,8.03216565,7.848062772,7.5767746,
Lithuania,LTU,,,,,,,,21.3,20.8,19.4,17.9,16.9,16.7,16.8,17.3,17.7,17.8,17.6,17.2,16.6,16,15.5,15.1,14.8,14.3,13.7,12.8,11.9,11.4,11.3,11.9,13,14.2,14.5,13.4,11.9,10.7,9.8,9.3,8.9,8.6,8.2,7.9,7.6,7.5,7.3,6.9,6.4,5.9,5.4,4.9,4.5,4.2,4,4,4,3.8,3.5,3.2,3,2.9,2.9,2.9,
Luxembourg,LUX,31.7,30.1,28.6,27.1,25.8,24.5,23.3,22.1,21.1,20,18.9,17.9,16.9,15.9,14.9,14.1,13.4,12.7,12.1,11.7,11.3,10.9,10.5,10.2,9.8,9.4,9.1,8.7,8.3,7.9,7.4,7,6.5,6.1,5.7,5.3,4.9,4.6,4.3,4,3.8,3.5,3.3,3.1,2.9,2.8,2.7,2.5,2.5,2.4,2.3,2.3,2.3,2.2,2.2,2.2,2.2,2.2,2.3,2.3,2.3,2.2,2.2,
Latvia,LVA,,,,,,,,,,,,,,,,,,,,15.3,15.3,15.3,15.1,14.7,14.1,13.2,12.4,11.8,11.8,12.3,13.2,14.2,15.1,15.7,15.9,15.6,15.1,14.3,13.4,12.4,11.5,10.8,10.3,9.7,9.1,8.6,8.1,7.7,7.3,6.9,6.5,6,5.5,5.1,4.7,4.3,4,3.8,3.6,3.4,3.2,3,2.8,
"Macao SAR, China",MAC,,,,,,,,,,,,,,,,,,,,,,,,,,,,,,,,,,,,,,,,,,,,,,,,,,,,,,,,,,,,,,,,
St. Martin (French part),MAF,,,,,,,,,,,,,,,,,,,,,,,,,,,,,,,,,,,,,,,,,,,,,,,,,,,,,,,,,,,,,,,,
Morocco,MAR,146.8,144.5,142.1,139.7,137.2,134.5,131.8,129.1,126.4,123.9,121.7,119.7,117.8,115.8,113.6,111,108.1,104.8,101.4,97.9,94.4,91,87.6,84.2,80.8,77.4,74.3,71.3,68.5,65.9,63.5,61.3,59.1,57.1,55,53,51,49.1,47.4,45.6,44,42.3,40.6,38.9,37.2,35.4,33.6,31.8,30.1,28.4,26.8,25.3,23.9,22.5,21.3,20.1,19.1,18.2,17.4,16.7,16,15.4,14.8,
Monaco,MCO,,,,,,,,,,,,,,,,,,,,,,,,,,7.9,7.6,7.2,6.9,6.6,6.3,6,5.8,5.5,5.3,5.1,4.9,4.7,4.5,4.3,4.2,4.1,3.9,3.8,3.7,3.7,3.6,3.5,3.4,3.3,3.3,3.2,3.1,3,3,2.9,2.8,2.7,2.6,2.5,2.5,2.4,2.3,
Moldova,MDA,,,,,,,,,,,,48.7,47.6,46.5,45.4,44.3,43.2,42.2,41.2,40.2,39.3,38.2,37.1,35.7,34.2,32.8,31.3,29.9,28.7,27.9,27.6,27.8,28.6,29.6,30.6,31.3,31.5,31,29.9,28.3,26.1,23.9,21.8,19.8,18.3,17.1,16.3,15.7,15.2,14.9,14.6,14.4,14.2,13.9,13.7,13.4,13.2,13,12.8,12.7,12.5,12.3,12.2,
Madagascar,MDG,,,,,,,,,89.9,90.8,91.7,92.7,93.9,95.1,96.4,97.8,99.1,100.2,101.2,102.4,103.7,105,106.1,107,107.3,106.9,105.7,103.7,101.1,98.2,95.2,92.2,89.4,86.8,84.2,81.6,78.8,75.9,72.9,70,67.2,64.6,62.2,59.9,57.7,55.6,53.7,52,50.4,49,47.8,46.9,46.2,45.7,45.4,45.2,45.1,45.1,45.2,45.3,45.4,45.4,45.1,
Maldives,MDV,,,,,210.9,204.5,198,191.7,185.4,178.9,172.3,165.3,157.8,150,142.5,135.1,128,121.3,115.2,109.4,103.9,98.7,93.9,89.3,85,80.9,76.9,73.2,69.7,66.4,63.2,60.1,57,54,51,47.9,44.8,41.5,38.3,35,31.8,28.7,25.6,22.9,21.5,18.4,16.6,15.1,13.9,12.8,11.9,11.2,10.4,9.7,9,8.4,7.7,7.1,6.5,6,5.5,5.1,4.8,
Middle East & North Africa,MEA,,,,,,,,,,,,,,,,,,,,,,,,,,,,,,,50.4,48.7,47.1,45.5,44,42.5,40.8,39.3,37.8,36.2,34.7,33.2,31.8,30.5,29.3,28.1,26.9,25.6,24.5,23.5,22.7,22,21.8,21.2,20.4,19.8,19.1,18.6,18.2,17.7,17.1,16.8,16.2,
Mexico,MEX,106.9,102.8,99.2,95.7,92.5,89.5,86.7,84,81.3,78.8,76.3,73.8,71.4,69.1,66.8,64.6,62.3,60.2,58.1,56,53.9,51.9,49.9,48,46.1,44.3,42.6,40.9,39.2,37.7,36.1,34.6,33.2,31.9,30.5,29.3,28,26.8,25.7,24.6,23.6,22.6,21.7,20.9,20.1,19.4,18.7,18.1,17.5,16.9,16.4,15.9,15.4,14.9,14.4,14,13.5,13.1,12.7,12.2,11.8,11.4,11,
Marshall Islands,MHL,85.9,82.2,78.8,75.6,72.6,69.9,67.4,65,62.8,60.6,58.6,56.7,55.2,53.9,52.8,52.1,51.5,51,50.4,49.8,49.1,48.4,47.4,46.3,45.2,44.1,42.9,41.7,40.5,39.2,37.9,36.7,35.5,34.5,33.9,33.5,33.4,33.5,33.8,34,34.1,34.1,34,33.8,33.5,33.3,33,32.7,32.5,32.2,31.8,31.5,31,30.5,29.8,29.1,28.5,27.8,27.1,26.3,25.5,24.7,24,
Middle income,MIC,,,,,,,,,,,,,,,,,,,,,,,,,,,,,,,66.04715272,65.94522634,65.03957501,63.93357321,62.84479448,61.58363431,60.2427118,58.81174046,57.34086093,55.72709586,53.82317043,52.29618861,50.56587531,48.75591751,47.01761966,45.11982686,43.39057343,41.74174354,40.24867877,38.63843744,37.35953515,36.00728086,34.38058858,33.40313694,32.10401408,31.3193617,30.26063374,29.24562569,28.99860492,28.36655993,28.0449084,27.56669009,26.78495924,
North Macedonia,MKD,,,,,,,,,,,,,,,,,,,,,,51.8,49.9,48.1,46.3,44.8,43.9,42.7,40,36.1,32.7,31.1,30.3,28.4,25.2,21.8,19.4,17.7,16.3,15.1,14.2,13.5,13,12.7,12.5,12.2,11.7,11.1,10.3,9.6,9.1,9,9.1,9.5,9.9,9.9,9.4,8.4,7.2,6.2,5.3,4.6,4.1,
Mali,MLI,,,,206.6,203.1,199.7,196.4,193.3,190.3,187.6,184.9,182.1,179.2,176.1,172.7,169.1,165.4,161.6,157.8,154.1,150.5,146.9,143.4,139.9,136.4,133.2,130.1,127.3,124.7,122.3,120.2,118.3,116.6,115,113.5,111.9,110.3,108.5,106.5,104.1,101.6,99,96.3,93.6,91.1,88.7,86.4,84.2,82.1,80.1,78.3,76.5,74.8,73.1,71.6,70,68.5,67.1,65.7,64.2,62.9,61.4,60.1,
Malta,MLT,35.7,34.4,33.3,32.4,31.5,30.6,29.6,28.5,27.3,26.1,24.8,23.6,22.4,21.2,20.1,19,18,17.1,16.3,15.6,15,14.4,13.9,13.3,12.8,12.3,11.8,11.3,10.8,10.4,10,9.7,9.3,9,8.6,8.3,7.9,7.6,7.2,6.9,6.7,6.5,6.3,6.2,6.1,6.1,6,6,6,6,6,6,5.9,5.9,5.8,5.7,5.7,5.6,5.4,5.3,5.2,5,4.9,
Myanmar,MMR,,,,,,,,,122.6,120.5,118.4,116.5,114.4,112.1,109.9,107.7,105.5,103.3,101.2,99.2,97.3,95.4,93.7,92.1,90.5,89,87.5,86.1,84.6,83.1,81.5,79.8,78.1,76.4,74.7,73.1,71.4,69.8,68.2,66.6,65,63.5,62,60.4,58.8,57.2,55.5,53.7,64.2,50.2,48.5,46.7,45,43.3,41.8,40.4,39.1,37.9,36.7,35.6,34.5,33.5,32.5,
Middle East & North Africa (excluding high income),MNA,,,,,,,,,,,,,,,,,,,,,,,,,,,,,,,52.8213824,51.06402182,49.49844768,47.98163259,46.54071417,45.10720843,43.47098739,41.9777682,40.39576375,38.82113594,37.24805704,35.61504054,34.13550068,32.71531255,31.32164913,30.02976411,28.78700314,27.48161261,26.28845954,25.32735822,24.37868154,23.69960723,23.43976757,22.78386217,21.93803512,21.29598428,20.58128441,20.05611099,19.73676932,19.17129378,18.57238589,18.16742712,17.59279539,
Montenegro,MNE,,,,,,,,,,,,,,,,,,,,,,,,,24.8,22.5,20.5,18.6,17.1,15.8,14.9,14.3,13.8,13.6,13.6,13.5,13.5,13.4,13.3,13,12.6,12.1,11.5,10.8,10,9.3,8.5,7.7,7,6.3,5.7,5.2,4.7,4.2,3.9,3.5,3.3,3.1,2.9,2.7,2.5,2.4,2.3,
Mongolia,MNG,,,,,,,,,,,,,,,,,,,118.8,114.9,111.2,107.6,104.1,100.6,97.1,93.7,90,86.4,82.9,79.5,76.4,73.5,70.8,68.3,65.8,63.3,60.6,57.7,54.7,51.6,48.4,45.1,41.8,38.7,35.7,33,30.4,28,25.9,23.9,22.1,20.6,19.4,18.3,17.5,16.6,15.8,15,14.2,13.4,12.7,12.1,11.5,
Northern Mariana Islands,MNP,,,,,,,,,,,,,,,,,,,,,,,,,,,,,,,,,,,,,,,,,,,,,,,,,,,,,,,,,,,,,,,,
Mozambique,MOZ,,,,,,,,180.1,180.6,181,181,180.8,180.2,179.6,179.1,178.4,177.9,177.5,177.1,177,177.1,177.1,176.7,175.8,174.5,172.6,170.5,168.1,166.1,164,162,159.6,157,153.7,149.9,145.1,139.6,133,126.2,119.5,112.9,106.6,100.9,95.7,91.1,86.8,82.9,77.5,74.8,71.5,71,67.5,65,62.8,61.3,59.6,57.9,55.7,54.2,52.6,51.4,50,48.7,
Mauritania,MRT,130.8,128,125.3,122.5,119.7,116.7,113.7,110.6,107.7,105.4,103.9,103.2,103.1,103.3,103.3,102.7,101.5,99.6,97.4,95.1,92.9,90.7,88.6,86.2,83.6,80.8,77.9,75.4,73.3,71.7,70.8,70.1,69.7,69.3,68.9,68.5,67.9,67.1,65.9,64.4,62.5,60.3,57.7,55,52.4,49.8,47.5,45.5,43.9,42.5,41.5,40.5,39.7,38.9,38.1,37.3,36.4,35.6,34.7,33.9,33,32.2,31.4,
Mauritius,MUS,68.4,66.3,63.4,60.1,58.2,59.8,65.1,69.6,67.6,61.8,58.3,59,60.4,58.6,53.9,48.4,43.5,39.5,36.5,34.3,32.3,30.2,28.1,26,24.4,23.7,24.1,24.3,23.3,21.5,19.8,18.8,18.4,18.5,18.9,19.4,19.8,19.8,19.1,17.8,16.5,15.4,14.6,14.1,13.8,13.7,13.5,13.4,13.1,12.8,12.8,12.9,13.1,13.1,13,12.9,13,13.3,13.7,14,14.1,13.9,13.4,
Malawi,MWI,,,,,,214,212.5,211.1,209.9,208.4,206,202.5,198,193,187.6,182,176.2,170.1,163.5,156.9,151.6,147.2,144.8,144.6,146,148.1,149.6,150.1,148.6,145.5,141.3,136.9,131.9,126.8,122.3,118.9,115.9,113,109.6,105.3,99.6,92.4,84.5,76.7,70,64.9,61.5,59.3,56.2,54,52,48.4,45.6,42.7,40.3,38.5,36.8,35.3,34.1,32.9,31.8,30.9,30.1,
Malaysia,MYS,68.5,64.6,60.9,57.6,54.7,52.2,50,48.1,46.4,44.9,43.3,41.7,39.9,38,36,34.1,32.1,30.3,28.6,26.9,25.3,23.7,22.3,20.9,19.7,18.5,17.5,16.6,15.7,15,14.3,13.6,13,12.4,11.9,11.5,11.1,10.7,10.1,9.4,8.7,8.1,7.6,7.3,7.1,7,7,7,7,7,6.9,6.9,6.9,6.9,6.9,7,7,7,6.9,6.9,6.8,6.8,6.7,
North America,NAC,,,,,,,,,,,,,,,,,,,,,,,,,,,,,,,9.2,8.9,8.6,8.3,8,7.7,7.5,7.4,7.2,7.1,7,6.9,6.8,6.8,6.7,6.6,6.6,6.5,6.4,6.2,6.1,6,5.9,5.8,5.8,5.7,5.6,5.6,5.5,5.4,5.4,5.3,5.3,
Namibia,NAM,,,,,,,,62.3,62.5,62.6,62.7,63,63.3,63.6,64,64.5,65,65.4,65.7,65.7,65.3,64.5,63.2,61.6,59.6,57.6,55.6,53.7,52,50.6,49.1,48.1,47.4,47,47,47.5,48,47.9,47.3,46.3,45.3,44.4,43.6,43.1,42.4,39.2,37.4,37.8,37.8,38.8,36.9,37.1,38.2,35.9,33.4,33.1,32.5,31.7,31.2,30.5,29.9,29.3,28.6,
New Caledonia,NCL,,,,,,,,,,,,,,,,,,,,,,,,,,,,,,,,,,,,,,,,,,,,,,,,,,,,,,,,,,,,,,,,
Niger,NER,,,,,,,,129.3,130.7,132.2,133.7,135.3,136.6,137.6,137.9,137.6,136.6,135,133.3,131.8,130.8,130.6,131.4,132.8,134.5,136,137,137.3,136.8,135.7,134,131.6,128.6,125,120.7,116.3,111.9,108,104.4,101.3,98.2,94.8,90.9,87,83,79.2,75.8,72.9,70.5,68.5,67,65.9,65,64.4,63.9,63.5,63.1,62.7,62.3,62,61.6,61,60.3,
Nigeria,NGA,,,,,193.9,189.7,185.6,181.5,177.2,172.9,168.4,163.6,158.6,153.6,148.6,143.9,139.3,135.1,131.5,128.6,126.3,124.5,123.4,122.9,122.9,123.2,123.7,124.1,124.4,124.5,124.4,124.1,123.6,123.1,122.3,121.2,119.7,117.7,115.3,112.6,109.6,106.6,103.6,100.6,97.6,94.7,92.1,89.6,87.5,85.7,84.2,82.9,81.8,80.8,80,79.2,78.2,77,75.7,74,72.3,70.5,68.5,
Nicaragua,NIC,132.8,131.6,130.3,129,127.6,126,124.4,122.6,120.6,118.5,116.2,113.6,120.8,107.4,103.7,99.6,95.2,90.6,85.9,81.4,77.1,73,69.3,66,63.2,60.6,58.4,56.4,54.5,52.6,50.7,48.7,46.5,44.4,42.3,40.2,38.2,36.4,37.3,32.8,31.2,29.7,28.3,27,25.8,24.7,23.6,22.6,21.6,20.8,20,19.2,18.5,17.8,17.1,16.5,16,15.4,14.9,14.4,14,13.5,13.1,
Netherlands,NLD,16.4,16,15.6,15.2,14.9,14.5,14.2,13.8,13.4,13,12.6,12.2,11.7,11.3,10.9,10.5,10.1,9.7,9.3,9,8.8,8.5,8.4,8.2,8,7.9,7.7,7.5,7.2,7,6.8,6.6,6.3,6.1,5.9,5.7,5.5,5.4,5.3,5.2,5.1,5,4.9,4.8,4.6,4.4,4.3,4.1,4,3.8,3.7,3.6,3.6,3.5,3.5,3.5,3.5,3.5,3.5,3.4,3.4,3.4,3.4,
Norway,NOR,18.4,17.9,17.5,17.1,16.6,16,15.4,14.8,14.2,13.7,13.2,12.7,12.1,11.6,11,10.5,9.9,9.3,8.8,8.4,8.2,8,8,8.1,8.2,8.3,8.3,8.2,8,7.5,7,6.4,5.9,5.4,4.9,4.6,4.4,4.3,4.1,4,3.9,3.8,3.7,3.6,3.4,3.3,3.2,3,2.9,2.8,2.7,2.5,2.4,2.4,2.3,2.2,2.1,2.1,2,1.9,1.9,1.8,1.8,
Nepal,NPL,219.1,216.3,213.1,209.2,204.9,200.3,195.5,191,186.4,182,177.8,173.8,170,166.3,162.6,158.8,155.1,151.2,147.3,143.3,139.2,135,130.9,126.7,122.5,118.3,114.1,109.8,105.3,100.8,96.3,91.8,87.4,83.2,79.2,75.4,71.7,68.2,64.8,61.6,58.5,55.7,53.1,50.7,48.5,46.5,44.6,42.9,41.2,39.7,38.2,36.7,35.2,33.8,32.4,31,29.7,28.4,27.2,26,24.9,23.9,23,
Nauru,NRU,,,,,,,,,,,,,,,,,,,,,,,,,,62.9,60.4,57.9,55.5,53.2,51,48.9,46.8,44.8,42.8,41.1,39.5,38,36.6,35.4,34.3,33.3,32.5,31.9,31.5,31.3,31.1,31.1,31.1,30.9,30.6,30.1,29.5,28.8,28.1,27.4,26.7,25.9,25.1,24.4,23.7,22.9,22.3,
New Zealand,NZL,22.5,21.7,20.9,20,19.3,18.7,18.3,17.9,17.6,17.2,16.9,16.5,16.2,15.8,15.4,14.9,14.5,14,13.5,13.1,12.8,12.4,12.1,11.9,11.6,11.3,11,10.6,10.2,9.7,9.2,8.7,8.2,7.8,7.5,7.2,6.9,6.7,6.5,6.3,6.1,5.9,5.8,5.7,5.6,5.5,5.4,5.3,5.3,5.2,5.2,5.1,5,4.8,4.7,4.6,4.4,4.3,4.2,4.1,4,3.9,3.9,
OECD members,OED,,,,,,,,,,,,,,,,,,,,,,,,,,,,,,,17.45169686,16.78842437,16.0871303,15.52480038,14.84029574,14.23331844,13.59675316,12.95588621,12.38931316,11.83400692,11.2671405,10.88414143,10.37197078,9.949177032,9.544822985,9.202990236,8.83984031,8.479511392,8.153995242,7.879480612,7.595547322,7.389229407,7.178222948,6.997157937,6.809604318,6.623436059,6.42775593,6.28660397,6.155183833,5.968510251,5.845925882,5.653946822,5.520248894,
Oman,OMN,,,,216.9,206.8,197.3,188.1,179,170.1,161.4,152.8,145,137.3,129.7,122.1,114.8,107.6,100.4,93,85.9,79.1,72.5,66.2,60.4,55,50.1,45.5,41.5,37.9,34.6,31.7,29,26.6,24.3,22.2,20.4,18.9,17.5,16.2,15.1,14.1,13.2,12.5,11.9,11.4,11,10.7,10.5,10.3,10.2,10.1,10,9.8,9.7,9.7,9.6,9.5,9.5,9.4,9.3,9.2,9.1,9,
Other small states,OSS,,,,,,,,,,,,,,,,,,,,,,,,,,,,,,,56.33531978,55.65923824,54.37084805,53.5305247,53.07586963,52.59900916,51.64338463,50.82455508,49.94711143,48.56833811,47.26113051,46.57576247,45.32153959,44.00182542,42.55571841,41.24149072,38.65971141,37.58264521,36.59262136,35.0941432,33.84583599,32.68923376,31.78520907,31.12809453,30.33186887,29.10383984,27.98683995,27.5302016,26.46188141,25.75895853,25.34380767,24.60089243,23.97738305,
Pakistan,PAK,184.9,178.8,172.8,167.4,162.4,157.9,154,150.5,147.5,144.8,142.3,140,137.9,135.9,134,132.2,130.6,129,127.5,126,124.5,123,121.4,119.7,117.9,116.1,114.3,112.4,110.6,108.8,106.9,104.9,102.9,100.8,98.6,96.3,94,91.6,89.2,86.9,84.8,82.9,81.1,79.5,78.1,76.8,75.5,74.3,73,71.6,70.2,68.7,67.1,65.5,63.8,62.2,60.5,58.9,57.3,55.7,54.1,52.5,51,
Panama,PAN,67.4,65.7,64,62.4,60.9,59.4,58.1,56.7,55.2,53.5,51.5,49.3,46.9,44.6,42.4,40.6,39.1,37.9,36.8,35.9,34.9,33.9,32.9,31.8,30.6,29.6,28.6,27.7,26.8,26,25.4,24.8,24.3,24,23.7,23.4,23.2,22.9,22.6,22.1,21.6,21,20.3,19.7,19.1,18.4,17.8,17.2,16.7,16.2,15.8,15.5,15.2,15,14.9,14.8,14.7,14.5,14.2,13.6,12.9,12.2,11.4,
Peru,PER,136.6,133.5,130.2,126.7,123,119.3,115.8,112.5,109.6,106.9,116.9,101.9,99.3,96.8,94.3,91.9,89.8,88,86.4,84.9,83.4,81.6,79.6,77.2,74.4,71.3,68.1,64.9,62,59.3,56.8,54.2,51.5,48.6,45.7,42.8,39.8,36.9,34.1,31.5,29.1,26.9,25,23.3,21.8,20.5,19.3,18.2,17.2,16.4,15.6,15,14.4,13.9,13.5,13.2,13,12.8,12.6,12.4,12.2,12,11.7,
Philippines,PHL,65.6,63.9,62.4,61.1,60,59,57.9,57,56.2,55.5,54.9,54.6,54.3,54.3,54.2,54.2,54.1,53.9,53.6,53.1,52.6,52,51.4,50.7,49.8,48.7,47.3,45.6,43.7,41.7,39.6,37.7,36,34.5,33.2,32,31,30.2,29.4,28.8,28.2,27.7,27.1,26.6,26.1,25.6,25.1,24.6,24.1,23.7,23.3,23,22.7,22.4,22.2,22.1,22.1,22.1,22.1,22.2,22.2,22.1,21.8,
Palau,PLW,,,,,,,,,,,,,,,,,,,,,,,,,,27.1,27.7,28.4,29,29.6,30.1,30.3,30.2,30,29.6,29.1,28.5,27.7,27,26.2,25.4,24.6,23.8,23.1,22.3,21.6,20.9,20.3,19.8,19.4,19.3,19.3,19.5,19.8,20.3,21,21.7,22.3,22.7,22.9,22.8,22.5,22.1,
Papua New Guinea,PNG,133.5,129.6,125.7,122,118.5,115.1,111.8,108.6,105.3,102.2,99.2,96.2,93.3,90.6,88,85.6,83.3,81.1,79,77.1,75.3,73.6,72.1,70.6,69.2,68,66.7,65.6,64.5,63.5,62.4,61.4,60.4,59.5,58.6,57.7,56.9,56.1,55.4,54.7,53.9,53.2,52.4,51.6,50.8,49.9,49.1,48.1,47.2,46.2,45.3,44.3,43.4,42.4,41.5,40.6,39.5,38.4,37.4,36.4,35.4,34.5,33.4,
Poland,POL,57.9,53.4,49.8,46.6,43.5,40.6,38,36,34.5,33.2,31.9,30.4,28.6,27,25.6,24.6,23.8,23.1,22.4,21.7,21.1,20.5,19.9,19.2,18.6,17.8,17.2,16.6,16.1,15.6,15.2,14.8,14.4,13.9,13.3,12.5,11.5,10.5,9.5,8.7,8.1,7.6,7.3,7,6.8,6.5,6.3,6,5.8,5.5,5.1,4.9,4.7,4.5,4.3,4.2,4.1,4,3.9,3.8,3.8,3.8,3.8,
Pre-demographic dividend,PRE,,,,,,,,,,,,,,,,,,,,,,,,,,,,,,,110.125872,109.0530368,107.9499202,106.8655038,105.4330331,104.0007303,102.327634,100.3256963,98.09423977,95.69937993,93.00465829,90.12812632,87.18966951,84.21540007,81.21562036,78.37088989,75.73999291,73.28526147,71.05985818,68.99765069,67.18331551,65.43387901,63.8472731,62.30526958,60.98881403,59.74422976,58.4846853,57.20402405,55.89920293,54.58169739,53.2800044,51.97554322,50.6314224,
Puerto Rico,PRI,,,,,,,,,,,,,,,,,,,,,,,,,,,,,,,,,,,,,,,,,,,,,,,,,,,,,,,,,,,,,,,,
"Korea, Dem. People's Rep.",PRK,75.8,74.9,73.9,72.3,69.9,66.8,63,59.1,55.4,52,49.1,46.6,44.4,42.3,40.5,38.7,37,35.6,34.2,33,31.9,30.8,29.6,28.4,27.3,26.5,26.2,26.7,27.6,29.5,32.1,35.5,34.6,33.7,32.8,64.4,63.2,62.3,61.6,60.9,60.1,59.2,58,26.9,26.2,25.6,25.2,25.2,24.7,24.1,23.1,21.8,20.3,19,17.8,16.8,16.2,15.3,14.6,13.9,13.3,12.7,13.6,
Portugal,PRT,84.4,82.1,78.5,74.3,70.1,66.5,63.7,61.8,60.1,58,55.2,51.7,47.5,43.3,39.5,35.9,32.6,29.5,26.8,24.6,22.8,21.3,19.9,18.6,17.5,16.5,15.5,14.5,13.5,12.5,11.5,10.6,9.7,8.8,8.1,7.5,7,6.6,6.3,5.9,5.5,5.1,4.7,4.3,3.9,3.7,3.4,3.3,3.2,3.1,3.1,3,3,3,3,3,3,2.9,2.9,2.8,2.7,2.7,2.6,
Paraguay,PRY,60.8,60.3,59.9,59.6,59.3,59.1,58.9,58.7,58.5,58.2,57.9,57.4,56.9,56.3,55.6,54.9,54,53.1,52.1,50.9,49.7,48.5,47.1,45.7,44.2,42.8,41.5,40.2,38.9,37.6,36.3,35.2,34,33,32.1,31.2,30.4,29.7,29.1,28.5,27.9,27.3,26.7,26.1,25.5,24.9,24.3,23.7,23,22.4,21.8,21.2,20.6,20,19.4,18.8,18.3,17.7,17.2,16.6,16,15.5,15,
West Bank and Gaza,PSE,,,,,,,,,,,,,,,,76.7,72.6,68.9,65.3,61.9,58.7,55.8,53,50.4,47.9,45.6,43.3,41.2,39.3,37.5,35.9,34.4,33.1,31.9,30.8,29.7,28.7,27.8,26.9,26.1,25.3,24.6,23.9,23.3,22.6,22,21.3,20.7,20.1,19.4,18.8,18.2,17.5,16.9,17.2,15.8,15.2,14.7,14.1,13.7,13.2,12.7,12.3,
Pacific island small states,PSS,,,,,,,,,,,,,,,,,,,,,,,,,,,,,,,29.6189534,28.73951304,27.98745788,27.2611385,26.60579341,26.0320694,25.51913442,25.05493036,24.64062273,24.25488961,23.88957509,23.56341813,23.42413879,23.12176623,23.0415325,22.99492532,22.88021628,22.7202021,22.41210151,22.22004007,21.62316993,21.18605249,20.76809512,20.43015895,20.14474121,19.97701328,19.9148329,19.90142397,19.87815312,19.96929873,19.81463187,19.63595879,19.33640617,
Post-demographic dividend,PST,,,,,,,,,,,,,,,,,,,,,,,,,,,,,,,8.99406249,8.655072504,8.38925202,8.037350567,7.569993797,7.236349238,6.945384597,6.666344874,6.466215191,6.222990348,6.053993698,5.876747924,5.727529489,5.643198739,5.488144009,5.371320744,5.292794986,5.165512797,5.041378219,4.908841083,4.733313618,4.632694727,4.526265171,4.436950303,4.399186782,4.329967761,4.25413326,4.183958449,4.160567618,4.103012756,4.056994138,3.997560325,3.965412498,
French Polynesia,PYF,,,,,,,,,,,,,,,,,,,,,,,,,,,,,,,,,,,,,,,,,,,,,,,,,,,,,,,,,,,,,,,,
Qatar,QAT,,,,,,,,,,52.9,49.9,47.1,44.5,42,39.7,37.6,35.7,34,32.4,31,29.6,28.4,27.2,26,24.9,23.7,22.5,21.3,20.1,18.9,17.8,16.6,15.6,14.7,13.8,13.1,12.5,12,11.6,11.2,10.7,10.3,10,9.6,9.3,9,8.7,8.4,8.2,8,7.8,7.6,7.4,7.2,6.9,6.6,6.3,6,5.6,5.3,5,4.7,4.5,
Romania,ROU,74.4,67.4,59.1,51.9,47.3,45.8,47.9,53,56.7,53.8,47,41.5,39,37.9,36.5,34.8,33,31.4,30.2,29.4,28.6,27.4,25.8,24.5,24.2,24.7,25.7,26.7,27,26,24.3,23,22.6,22.6,22.5,22.1,21.7,21.2,20.4,19.3,18,17.3,17.1,17,16.4,15.5,14.2,13,11.9,11.1,10.5,10,9.5,8.9,8.3,7.7,7.1,6.5,6,5.6,5.4,5.3,5.5,
Russian Federation,RUS,36.3,33.9,31.8,29.9,28.3,26.9,25.8,24.8,24.1,23.5,23,22.6,22.4,22.2,22.1,22.1,22.1,22.1,22,21.9,21.8,21.6,21.3,20.9,20.5,20,19.4,18.7,18.1,17.6,17.3,17.3,17.4,17.6,17.7,17.6,17.4,17.1,16.7,16.2,15.5,14.8,13.9,13,12,11.1,10.3,9.6,9,8.6,8.4,8.2,7.9,7.6,7.2,6.6,6.1,5.5,5.1,4.7,4.4,4.1,3.8,
Rwanda,RWA,130.5,127.8,126,124.8,124.3,124.3,125,126.1,127.7,129.4,131.2,133.1,135.3,138.3,141.6,145.3,148.3,149,145.4,138.3,129.3,120,111.8,105.7,101.2,97.9,95.1,92.9,91.3,90.9,92.9,97.9,104.7,113,213.9,129.4,131.3,129,124.5,117.8,109.4,99.9,90.3,81.4,72.9,65.7,59.6,54.5,50.3,47.1,44.1,40.7,38.9,37.2,35.8,34.7,33.8,33,32.1,31.2,30.3,29.5,28.8,
South Asia,SAS,,,,,,,,,,,,,,,,,,,,,,,,,,,,,,,89.1,86.9,84.9,83,81,79.1,77.1,75,72.9,70.8,68.7,66.6,64.6,62.7,60.9,59,57.2,55.4,53.5,51.8,49.9,48.1,46.2,44.4,42.6,40.8,39.1,37.5,36,34.5,33.2,31.9,30.7,
Saudi Arabia,SAU,,,,,,,,,,,,,109.5,103,97,91.3,86,81,76.3,71.9,67.6,63.6,59.9,56.4,53.1,49.9,46.7,43.7,40.8,38,35.5,33.1,30.9,28.9,27.1,25.4,23.9,22.4,21.1,19.9,18.8,17.8,16.8,15.9,15,14.2,13.4,12.6,11.9,11.2,10.5,9.9,9.3,8.8,8.2,7.8,7.3,6.9,6.6,6.2,6,5.7,5.5,
Sudan,SDN,107.1,105.6,104.2,102.8,101.5,100.3,99.2,98.3,97.5,96.9,96.3,95.8,95.3,94.8,94.3,93.8,93.1,92.5,91.9,91.3,90.7,90,89.4,110.4,109.3,108.2,86.5,85.6,84.5,83.4,82.2,81,79.6,78.3,76.8,75.3,73.7,72,70.3,68.4,66.4,64.5,62.5,60.7,58.9,57.1,55.5,54,52.6,51.3,50,48.9,47.7,46.7,45.6,44.5,43.4,42.3,41.3,40.2,39.2,38.1,37,
Senegal,SEN,128.4,128.3,128.5,128.8,129.1,129.3,129.2,128.9,128.2,127.2,125.8,123.9,121.6,118.9,115.9,112.5,108.8,104.9,101.2,97.9,95,92.6,90.4,88.1,85.7,83,80,77,74.4,72.4,71,70.3,70.1,70.2,70.6,71,71.2,71.1,70.6,69.5,67.7,65.2,62.2,59.1,56.1,53.1,50.5,48.2,46.1,44.3,42.6,41.1,39.6,38.2,36.9,35.5,34.2,33,31.9,30.9,29.9,29,28.2,
Singapore,SGP,35.4,32.9,30.8,29.3,28.2,27.3,26.3,25.1,24,22.9,21.8,20.6,19.3,17.7,15.8,14.2,13.1,12.5,12.3,12.1,11.9,11.4,10.7,10,9.4,8.8,8.3,7.8,7.3,6.7,6.1,5.5,5,4.6,4.2,4,3.8,3.6,3.4,3.2,3,2.8,2.7,2.5,2.4,2.3,2.3,2.3,2.2,2.2,2.2,2.2,2.2,2.2,2.2,2.2,2.2,2.1,2.1,2,1.9,1.9,1.8,
Solomon Islands,SLB,114.5,110.6,106.6,102.5,98.5,94.3,90,85.7,81.2,76.6,72.1,67.7,63.6,59.8,56.3,55.9,50.3,47.6,45.2,43.1,41.3,39.7,38.3,37.1,36,35.1,34.1,33.3,32.6,31.8,31.1,30.3,29.6,28.9,28.3,27.7,27.2,26.7,26.3,26,25.6,25.4,25.2,24.9,24.7,24.5,24.2,23.8,23.3,22.8,22.3,21.7,21.1,20.6,20,19.4,18.9,18.3,17.7,17.2,16.7,16.2,15.7,
Sierra Leone,SLE,220.4,217.3,214.2,211.2,208.1,205,202,198.9,196,193.1,190.2,187.6,184.9,182.4,180,177.5,175.3,173.3,171.3,169.4,167.6,165.9,164.3,162.8,161.5,160.2,158.9,157.7,156.7,155.6,154.7,153.7,152.7,151.6,150.4,148.9,147.2,145.3,143.1,140.8,138.3,135.8,133.1,130.3,127.4,124.3,121.1,117.8,114.3,110.8,107.3,104,100.8,97.9,95.8,95.3,89.9,87.4,85,82.6,80.3,78.1,76,
El Salvador,SLV,124.9,122.4,120,117.8,115.7,113.6,111.5,109.5,107.4,105.4,103.4,101.3,99.1,96.7,94,91.3,88.3,85.2,82,78.6,83.2,71.9,68.5,65.2,62,58.9,56,53.3,50.7,48.4,46.1,44,41.9,39.8,37.8,35.8,33.9,32,30.3,28.8,27.3,25.9,24.6,23.3,22.2,21.1,20,19.1,18.1,17.2,16.4,15.7,14.9,14.3,13.7,13.2,12.7,12.2,11.8,11.3,11,10.6,10.2,
San Marino,SMR,,,,,,,,,,,,,,,,,,,,,,,,,,18.6,17,15.5,14.1,12.8,11.8,10.7,9.8,9,8.2,7.5,6.9,6.3,5.8,5.3,4.9,4.5,4.2,3.9,3.6,3.3,3.1,2.9,2.7,2.6,2.4,2.3,2.1,2,1.9,1.8,1.7,1.6,1.5,1.5,1.4,1.4,1.3,
Somalia,SOM,,,,,,,,,,,,,,,,,,,,,,,119.2,117.4,115.9,114.6,113.6,112.5,111.3,109.8,107.8,105.9,104.7,104.1,104,104,104,104,104,104,104,104,104,104,104,103.9,103.6,102.6,100.8,98.2,95.5,92.9,90.2,87.5,85.1,82.7,80.5,78.1,75.9,73.8,71.7,69.8,68,
Serbia,SRB,,,,,,,,,,,,,,,,,,,,,,,,,35.4,33.6,32.3,31.2,29.6,27,24.1,22,21,20.2,18.8,16.9,15,13.3,12.1,11.4,11,10.5,9.9,9.1,8.4,7.7,7.3,7,6.9,6.7,6.6,6.4,6.2,5.9,5.7,5.4,5.2,5.1,5,4.9,4.8,4.6,4.4,
Sub-Saharan Africa (excluding high income),SSA,,,,,,,,,,,,,,,,,,,,,,,,,,,,,,,106.9365319,105.9159256,105.0038089,104.0731913,104.1357278,101.5843093,100.0626285,98.32912695,96.16624584,93.78259868,91.16930371,88.31328921,85.39623331,82.43751525,79.45879939,76.61817278,74.01877451,71.50298722,69.12651444,67.0420266,65.11576096,63.3199948,61.65515338,60.10816661,58.76787896,57.47032499,56.19214211,54.87837334,53.54134572,52.23980441,51.03465275,49.81237246,48.56023481,
South Sudan,SSD,,,,,,,,,,,,,,,,,,,,175.3,173.1,171.1,169.1,167,164.7,162.2,159.7,157.1,154.4,151.8,148.9,145.9,142.5,138.9,135,131,127.1,122.9,118.5,113.9,109.2,104.4,99.8,95.4,91.1,87,83.1,79.5,76,72.8,69.7,66.9,65,64.1,63.8,63.8,63.8,63.8,63.8,63.8,63.8,63.8,63.8,
Sub-Saharan Africa,SSF,,,,,,,,,,,,,,,,,,,,,,,,,,,,,,,106.9,105.9,105,104.1,104.1,101.6,100.1,98.3,96.2,93.8,91.2,88.3,85.4,82.4,79.5,76.6,74,71.5,69.1,67,65.1,63.3,61.7,60.1,58.8,57.5,56.2,54.9,53.5,52.2,51,49.8,48.6,
Small states,SST,,,,,,,,,,,,,,,,,,,,,,,,,,,,,,,48.24937191,47.50385408,46.37478731,45.39227457,44.83278761,44.11261294,43.28245888,42.4850923,41.73683495,40.75279838,39.75898621,39.12412471,38.24374395,37.28240808,36.26626742,35.29188929,33.49345852,32.67571922,31.88367308,30.77667824,29.77965247,28.84796359,28.08631483,27.52157447,26.84335556,25.93183978,25.11660606,24.73316735,23.93512864,23.47768691,23.05162561,22.44005206,21.89080695,
Sao Tome and Principe,STP,,,,,,62.2,60.5,59,57.9,57.1,56.8,56.7,57,57.2,57.7,58,58.2,58.4,58.6,59,59.4,60.1,61,62.1,63.3,64.6,69.5,66.9,67.8,68.7,69.3,69.7,69.7,69.3,68.5,67,65.2,62.9,60.3,57.4,54.3,51.2,48,45,42.1,39.3,36.7,34.3,32,29.8,27.7,25.7,23.8,21.9,20.1,18.4,16.8,15.4,14.3,13.3,12.6,11.9,11.3,
Suriname,SUR,,,,,,,,,,,,,,,,,,,,,,,,48.2,46.7,45.2,43.9,42.5,41.2,39.9,38.7,37.5,36.2,35,33.8,32.6,31.5,30.4,29.3,28.3,27.4,26.5,25.7,24.9,24.2,23.5,22.9,22.2,21.7,21.1,20.6,20.1,19.6,19.2,18.7,18.3,17.8,17.3,16.8,16.3,15.8,15.4,14.8,
Slovak Republic,SVK,30.9,29.3,28.1,27.2,26.6,26.3,26,25.8,25.6,25.5,25.3,25.1,24.8,24.4,24,23.4,22.8,22,21.2,20.4,19.6,18.8,18,17.2,16.5,15.7,14.9,14.2,13.6,13.1,12.6,12.2,11.6,11.1,10.6,10.2,9.7,9.2,8.8,8.4,8.1,7.8,7.6,7.4,7.2,6.9,6.7,6.4,6.1,5.9,5.7,5.6,5.4,5.3,5.3,5.2,5.1,5,5,4.9,4.9,4.9,4.9,
Slovenia,SVN,,,,,,,,,,,,,,,,,,,,,,15.3,14.5,13.8,13.1,12.3,11.6,10.8,10.1,9.4,8.8,8.2,7.6,7.1,6.6,6.2,5.8,5.4,5.1,4.8,4.5,4.3,4.1,3.9,3.7,3.5,3.3,3.1,2.9,2.8,2.6,2.5,2.4,2.3,2.2,2.1,2.1,2,2,2,1.9,1.9,1.9,
Sweden,SWE,16.3,16,15.6,15,14.4,13.7,13.1,12.5,12.1,11.7,11.3,10.9,10.4,9.8,9.3,8.7,8.3,7.9,7.6,7.4,7.1,6.9,6.8,6.6,6.5,6.4,6.3,6.3,6.2,6,5.9,5.6,5.2,4.8,4.4,4,3.8,3.6,3.5,3.4,3.4,3.4,3.3,3.2,3.1,3,2.8,2.7,2.6,2.6,2.5,2.5,2.4,2.4,2.4,2.3,2.3,2.3,2.2,2.2,2.1,2.1,2,
Eswatini,SWZ,140,137.9,135.8,133.4,131,128.6,126,123.5,120.8,118.2,115.5,112.6,109.4,105.9,102.2,98.4,94.6,90.9,87.3,83.9,80.5,77.1,73.6,76.1,66.7,63.4,60.4,57.8,55.5,53.6,52.4,52,52.6,54.1,56.5,60.1,62.9,65,66.8,67.8,69,70.2,70.9,71.6,71,70.7,61.7,62.5,64.5,61.4,58.4,54.4,53.5,52.3,52.9,49.5,47.3,48.2,44.5,43,43.4,40.8,39.7,
Sint Maarten (Dutch part),SXM,,,,,,,,,,,,,,,,,,,,,,,,,,,,,,,,,,,,,,,,,,,,,,,,,,,,,,,,,,,,,,,,
Seychelles,SYC,74.9,74,73.1,71.9,70.7,69.2,67.3,65.2,62.6,59.7,56.6,53.4,50.2,46.8,43.4,40,36.7,33.4,30.4,27.6,25.1,23,21.2,19.7,18.5,17.4,16.5,15.8,15.1,14.6,14,13.6,13.2,12.8,12.6,12.4,12.2,12,12,11.9,11.9,11.8,11.8,11.8,11.9,11.9,11.9,12,12,12.1,12.1,12.2,12.3,12.4,12.5,12.5,12.6,12.7,12.7,12.8,12.8,12.7,12.5,
Syrian Arab Republic,SYR,115.9,110.8,106.2,102,98,94.1,90.3,86.4,82.4,78.5,74.8,71.2,68,64.9,62,59.2,56.5,53.9,51.3,48.8,46.4,46.6,48.5,39.9,38.1,36.4,34.9,33.6,32.4,31.2,30.1,29,27.9,26.8,25.6,24.5,23.4,22.3,21.3,20.4,19.6,18.9,18.3,17.7,17.3,16.9,16.6,16.4,16.3,16.3,16.3,18.3,26.3,28.3,27.2,26.7,23.2,24.4,25.7,20.4,18.6,18.1,17.8,
Turks and Caicos Islands,TCA,,,,,,,76.6,71.2,66.3,61.6,57.4,53.3,49.7,46.2,42.9,39.9,37.2,34.6,32.2,30,28,26.1,24.3,22.6,21.1,19.7,18.4,17.2,16,15,14,13.1,12.3,11.5,10.8,10.1,9.5,8.9,8.4,7.9,7.5,7.1,6.8,6.5,6.2,6,5.8,5.6,5.5,5.3,5.2,5.1,5,5,4.9,4.8,4.7,4.6,4.5,4.4,4.3,4.2,4.1,
Chad,TCD,,,,,,,,,,,,,129.3,128.7,128,127.3,126.7,126,125.3,124.5,123.6,122.7,121.7,120.5,119.3,118.1,116.9,115.6,114.3,113,111.7,110.4,109.2,108.1,107,105.9,104.9,103.8,102.5,101.2,99.8,98.3,96.8,95.4,93.9,92.4,90.8,89.2,87.5,85.7,84,82.3,80.6,78.9,77.3,75.7,74.1,72.4,70.6,69,67.3,65.7,64.1,
East Asia & Pacific (IDA & IBRD countries),TEA,,,,,,,,,,,,,,,,,,,,,,,,,,,,,,,45.80050211,45.42924645,44.49081693,43.38581419,42.1496314,40.73775857,39.29269477,37.80222128,36.26555877,34.67484423,32.86466999,31.21007581,29.46567503,27.6662794,26.25943744,24.27257358,22.83373614,21.43896967,20.57942202,19.05110566,18.04687083,17.15351532,15.98650978,15.36624994,14.52015923,14.07207613,13.31102539,12.68884987,12.71338893,12.4928984,12.66789909,12.64775136,12.27195653,
Europe & Central Asia (IDA & IBRD countries),TEC,,,,,,,,,,,,,,,,,,,,,,,,,,,,,,,35.81665969,35.70749541,35.89036038,35.912135,35.27139864,34.78761689,33.68086777,32.44625644,31.09004008,29.63196181,27.84242342,26.22729152,24.5400208,22.94211259,21.54122122,20.26935352,19.03011674,17.85195314,16.68837726,15.71365482,14.90214674,14.15664002,13.38027569,12.76556373,12.13517542,11.51311244,10.92448368,10.48562172,10.15894508,9.889070061,9.559240401,9.209553439,8.890857672,
Togo,TGO,153.9,152.3,150.6,148.8,146.9,144.9,142.8,140.4,137.9,135.4,132.8,130.2,127.6,125.1,122.5,120,117.4,114.9,112.5,110.1,107.7,105.5,103.4,101.3,99.4,97.6,96,94.5,93.1,91.9,90.8,89.6,88.6,87.4,86.2,84.7,83.1,81.4,79.5,77.6,75.6,73.6,71.7,69.8,68,66.2,64.6,62.9,61.3,59.8,58.2,56.7,55.2,53.7,52.2,50.8,49.4,48.1,46.8,45.6,44.4,43.2,42.1,
Thailand,THA,101.7,98.5,95.4,92.4,89.4,86.5,83.5,80.6,77.7,74.7,71.7,68.7,65.8,63,60.3,57.7,55.4,53.1,51,49,47,45.2,43.4,41.6,39.9,38.3,36.6,35,33.4,31.9,30.3,28.8,27.4,26,24.7,23.5,22.4,21.2,20.2,19.2,18.2,17.2,16.3,15.5,14.7,13.9,13.2,12.5,11.8,11.3,10.8,10.3,9.9,9.5,9.2,8.9,8.6,8.3,8,7.7,7.4,7.2,7,
Tajikistan,TJK,,,,,,,,,,,,,117.7,114.2,110.7,107.7,105,102.9,101.4,100.4,99.8,99.3,98.6,97.3,95.3,92.5,89,85.4,82.5,80.8,80.7,82.7,85.7,88.1,88.5,87.1,84.4,80.7,76.5,72,67.4,62.8,58.4,54.2,50.5,47.1,44.2,41.8,39.8,38.2,37,35.9,35,34.3,33.5,32.7,31.9,31.1,30.2,29.4,28.5,27.6,26.7,
Turkmenistan,TKM,,,,,,,,,,,,,,,,,,101.7,98.5,95.3,92,88.8,85.5,82.2,79,75.8,72.8,70,67.5,65.5,64.2,63.6,63.6,63.9,64.2,64.4,64.1,63.2,61.7,59.6,57.1,54.4,51.6,49,46.5,44.2,42.1,40.4,39.1,38,37.2,36.7,36.4,36.3,36.5,36.7,37,37.3,37.3,37,36.4,35.8,35,
Latin America & the Caribbean (IDA & IBRD countries),TLA,,,,,,,,,,,,,,,,,,,,,,,,,,,,,,,43.97120489,42.2327627,40.49677956,38.76214823,37.02299402,35.35902225,33.67386367,32.09233424,30.79309422,29.07951985,27.71626857,26.42093157,25.19775409,24.06837681,23.0300693,22.03287626,21.08705449,20.25736583,19.50695731,18.79319604,18.75139481,17.6062388,17.0681481,16.57555989,16.12081676,15.79950033,16.02584262,15.37847346,15.01929018,14.64422533,14.28054484,13.93569317,13.56346307,
Timor-Leste,TLS,,,,,,,,,,,,,,,,,,,,,,,,,,164.3,157.3,150.6,144.3,138.4,132.7,127.3,122.1,117.2,112.4,107.8,103.3,99.1,95,91.1,87.3,83.7,80.2,76.8,73.6,70.6,67.7,65.1,62.7,60.6,58.8,57.1,55.6,54.2,52.8,51.5,50,48.6,47.2,45.7,44.3,42.9,41.5,
Middle East & North Africa (IDA & IBRD countries),TMN,,,,,,,,,,,,,,,,,,,,,,,,,,,,,,,53.03849948,51.28590296,49.72583714,48.21380678,46.77912659,45.35078531,43.71345991,42.21592285,40.62767006,39.04203908,37.45652728,35.80716976,34.31375673,32.87607681,31.46946202,30.1640276,28.90978563,27.58962185,26.38641044,25.42104446,24.46694828,23.78528288,23.53063977,22.873063,22.01058128,21.38283581,20.66829209,20.14258641,19.82863933,19.26256236,18.66252568,18.26001438,17.68321583,
Tonga,TON,,,,58.2,55.2,52.2,49.4,46.7,44,41.4,39.1,36.9,34.9,33.1,31.6,30.2,28.9,27.8,26.6,25.6,24.8,24,23.3,22.8,22.3,21.8,21.3,20.8,20.2,19.6,18.9,18.2,17.6,17.1,16.6,16.2,15.8,15.5,15.2,14.9,14.5,14.1,13.7,13.4,13,12.7,12.3,12.1,11.8,11.5,11.3,11.2,11,10.9,10.8,10.7,10.6,10.5,10.3,10.1,9.9,9.6,9.4,
South Asia (IDA & IBRD),TSA,,,,,,,,,,,,,,,,,,,,,,,,,,,,,,,89.17194825,86.96373275,84.89015156,82.95245674,81.07895665,79.08336127,77.03810683,74.96771699,72.91648406,70.81516855,68.64964562,66.61668038,64.66627421,62.70245111,60.89006656,59.0228153,57.16041653,55.37804211,53.53774706,51.71636612,49.93521341,48.08777238,46.23715913,44.42424456,42.6386591,40.79925307,39.09380304,37.5007588,35.99630801,34.57431718,33.15594944,31.88757803,30.65883413,
Sub-Saharan Africa (IDA & IBRD countries),TSS,,,,,,,,,,,,,,,,,,,,,,,,,,,,,,,106.9300793,105.9093381,104.9976987,104.0670209,104.1295675,101.5788967,100.0574208,98.32441405,96.16180491,93.77832117,91.1651585,88.30951079,85.39256567,82.43401684,79.4555369,76.61488658,74.01580717,71.50004599,69.12364681,67.03926205,65.11333166,63.3175094,61.65274167,60.10598876,58.76580991,57.46829258,56.19012978,54.87643704,53.53953265,52.23811387,51.03307086,49.81088345,48.55883326,
Trinidad and Tobago,TTO,56.3,54.5,52.9,51.4,50.1,48.9,47.7,46.7,45.7,44.9,44,43.2,42.3,41.4,40.5,39.5,38.5,37.4,36.3,35.3,34.2,33.2,32.2,31.3,30.4,29.6,28.8,28.2,27.6,27.1,26.6,26.2,25.8,25.5,25.3,25.1,24.9,24.8,24.7,24.6,24.5,24.4,24.2,23.8,23.4,22.8,22.3,21.7,21.1,20.5,19.9,19.3,18.8,18.2,17.7,17.2,16.7,16.2,15.7,15.2,14.7,14.2,13.8,
Tunisia,TUN,,,182.1,173.7,165.3,157.3,149.6,142.4,135.4,128.6,122.1,116.1,110.4,104.7,99.1,93.4,87.9,82.6,77.6,73,68.9,65.3,61.9,58.8,56,53.4,50.9,48.6,46.6,44.7,43,41.3,39.6,37.8,36,34,32,30,28.1,26.2,24.5,23,21.6,20.4,19.4,18.5,17.8,17.2,16.7,16.4,16.1,16,15.8,15.6,15.4,15.1,14.7,14,13.3,12.4,11.5,10.6,9.9,
Turkiye,TUR,171.4,166.1,160.7,155.3,150,145.3,140.9,136.9,133.1,129.5,126,122.5,119.1,115.7,112.2,108.5,104.8,101.1,97.2,93.4,89.6,85.7,81.8,78,74.4,70.8,67.5,64.3,61.2,58.3,55.5,52.7,50,47.3,44.6,42.1,39.6,37.2,34.9,32.8,30.7,28.7,26.8,25,23.3,21.7,20.2,18.9,17.6,16.4,15.4,14.4,13.6,12.8,12.1,11.5,10.9,10.4,9.9,9.4,9,8.6,8.3,
Tuvalu,TUV,119.8,115.5,111.3,107,102.8,98.5,94.3,90.3,86.3,82.5,78.7,75.1,71.4,67.8,64.3,61,58.1,55.5,53.2,51.2,49.5,48,46.7,45.5,44.6,43.8,43.3,42.9,42.7,42.3,42,41.6,41,40.5,39.8,39,38.1,37.1,36.1,35.1,34.2,33.5,32.9,32.3,31.6,30.9,30.1,29.1,28.1,27,26,25.1,24.2,23.4,22.6,21.9,21.2,20.5,19.8,19.1,18.5,17.9,17.4,
Tanzania,TZA,142.7,141.7,140.6,139.3,137.9,136.2,134.6,132.8,131.1,129.3,127.6,125.7,123.7,121.6,119.4,117.1,114.7,112.4,110.3,108.6,107.6,107.2,107.1,107.3,107.4,107.1,106.4,105.2,103.8,102.2,100.7,99.3,98.1,96.8,95.4,93.6,91.5,88.9,85.9,82.3,78.1,73.7,69.2,65.1,61.3,57.7,54.9,51.8,49.6,47.3,45.5,43.8,42.4,41.2,40.1,39.1,37.7,36.1,34.5,33.3,32.1,31.1,30,
Uganda,UGA,131.7,129.6,127.7,125.7,123.9,122.1,120.4,118.6,117,115.8,115.1,115,115.4,116.4,118.1,120.3,122.6,125.1,127.1,128.4,129.4,128.7,126.4,123.1,119.9,117,114.5,112.5,110.8,109,106.8,104.5,102.2,100,98.3,97.1,96,94.6,92.7,90.2,87,83.3,79.1,74.7,70.1,65.8,61.8,58.2,54.8,52.3,49.6,47,44.4,42.6,40.9,39.2,37.5,35.9,34.3,33.2,32.1,31.1,30.2,
Ukraine,UKR,,,,,,,,,,,,27.4,26.6,25.9,25.3,24.7,24.2,23.7,23.3,22.8,22.3,21.7,21.1,20.3,19.6,18.9,18.2,17.6,17.1,16.7,16.5,16.5,16.7,16.9,17.1,17.3,17.4,17.2,16.9,16.4,15.8,15.1,14.3,13.7,13,12.5,12,11.6,11.1,10.6,10.1,9.6,9.1,8.7,8.4,8.1,7.8,7.6,7.4,7.3,7.1,7,7,
Upper middle income,UMC,,,,,,,,,,,,,,,,,,,,,,,,,,,,,,,43.4,42.7,41.7,40.6,39.2,37.8,36.3,34.9,33.3,31.7,30.1,28.5,26.9,25.3,24.1,22.4,21.2,19.9,18.7,17.6,16.6,15.8,14.9,14.2,13.5,13,12.3,11.7,11.6,11.3,11.3,11.1,10.8,
Uruguay,URY,57.2,56,54.6,53.4,52.5,51.9,51.6,51.2,50.6,49.5,48.4,47.7,47.7,48.2,48.7,49,48.2,46.1,43,39.1,35.3,31.9,29.3,27.4,26.1,25.1,24.2,23.1,22.1,21.3,20.7,20.3,20,19.6,19.1,18.5,17.7,16.8,16,15.3,14.7,14.3,14,13.6,13.1,12.4,11.7,10.9,10.2,9.7,9.2,8.9,8.6,8.3,7.9,7.6,7.2,6.8,6.5,6.2,6,5.8,5.6,
United States,USA,25.9,25.4,24.9,24.4,23.8,23.3,22.7,22,21.3,20.6,19.9,19.1,18.3,17.5,16.7,15.9,15.2,14.5,13.8,13.2,12.6,12.1,11.7,11.3,10.9,10.6,10.4,10.2,9.9,9.7,9.4,9.1,8.8,8.5,8.2,7.9,7.7,7.5,7.4,7.2,7.1,7,6.9,6.9,6.8,6.7,6.7,6.6,6.5,6.4,6.2,6.1,6,5.9,5.9,5.8,5.7,5.6,5.6,5.5,5.5,5.4,5.4,
Uzbekistan,UZB,,,,,,,,,,,,,,,,,,,,96.7,90.8,85.4,80.4,75.8,71.6,67.9,64.7,62,60,58.8,58.1,57.8,57.7,57.6,57.4,57,56.4,55.6,54.6,53.2,51.4,49.4,47.1,44.7,42.1,39.4,36.7,34.1,31.5,29,26.7,24.5,22.5,20.7,19.1,17.7,16.5,15.5,14.6,13.9,13.2,12.5,11.9,
St. Vincent and the Grenadines,VCT,,,,,,,,,,43.3,46.5,49.8,53,55.8,57.6,57.9,56.5,53.7,49.9,45.8,41.7,37.9,34.4,31.2,28.3,26,24,22.5,21.3,20.4,19.7,19.2,19,18.8,18.8,18.9,19.1,19.2,19.3,19.4,19.5,19.5,19.6,19.6,19.7,19.8,19.9,19.9,19.7,19.4,18.9,18.3,17.6,16.8,16,15.1,14.2,13.4,12.6,11.8,11.2,10.6,10.1,
"Venezuela, RB",VEN,59.3,57.6,56.1,55,53.9,53,52.1,51.3,50.4,49.4,48.3,47.2,45.9,44.6,43.4,42.2,40.9,39.6,38.2,36.9,35.5,34.2,33,31.9,30.8,29.9,28.9,27.8,26.7,25.7,24.7,23.9,23.3,22.9,22.5,22.1,21.5,20.7,19.9,19.1,18.3,17.8,17.4,16.9,16.4,15.9,15.4,15,14.7,14.7,14.7,14.8,15,15.3,15.6,16.6,21.2,21.2,21.2,21.2,21.2,21.2,21.2,
British Virgin Islands,VGB,70.2,66.3,62.4,58.8,55.4,52.1,49.1,46.2,43.6,41.2,39,37.1,35.5,34.1,32.9,31.9,31.2,30.4,29.8,29.2,28.5,27.8,27,26.2,25.2,24.3,23.3,22.2,21.3,20.3,19.4,18.5,17.8,17.1,16.5,16,15.6,15.2,14.9,14.7,14.4,14.2,14.1,13.9,13.8,13.8,13.7,13.6,13.6,13.6,13.6,13.7,13.7,13.7,13.7,13.6,13.4,13.1,12.8,12.5,12.3,12,11.6,
Virgin Islands (U.S.),VIR,,,,,,,,,,,,,,,,,,,,,,,,,,,,,,,,,,,,,,,,,,,,,,,,,,,,,,,,,,,,,,,,
Viet Nam,VNM,,,,,57.5,57.1,56.7,56.3,55.9,55.4,54.9,54.4,53.9,53.3,52.5,51.7,50.9,50,49,48.1,47.2,46.3,45.5,44.7,43.9,43,42.1,41,39.8,38.5,37.1,35.6,34.1,32.6,31.1,29.6,28.2,26.9,25.7,24.6,23.6,22.7,21.8,21.1,20.5,20,19.5,19.2,18.9,18.7,18.4,18.2,18,17.8,17.7,17.5,17.3,17.2,17,16.8,16.7,16.5,16.2,
Vanuatu,VUT,104.3,101.6,98.8,95.8,92.8,89.8,86.8,83.7,80.8,77.9,75.1,72.4,69.8,67.3,64.8,62.5,60.3,58.1,55.8,53.4,51,48.4,45.8,43.2,40.7,38.4,36.3,34.4,32.8,31.4,30.1,29.1,28.2,27.4,26.7,26.1,25.6,25.3,24.9,24.5,24.2,23.9,23.6,23.4,23.1,22.8,22.5,22,21.4,20.8,20.1,19.5,19,18.5,18.2,17.9,17.7,17.5,17.1,16.8,16.4,16,15.6,
World,WLD,,,,,,,,,,,,,,,,,,,,,,,,,,,,,,,63.7,63.5,62.8,62,61.3,60.1,59,57.7,56.3,54.8,53,51.6,49.9,48.1,46.5,44.7,43,41.4,39.9,38.5,37.3,36.1,34.7,33.8,32.7,32,31,30.2,30,29.4,29.1,28.6,27.9,
Samoa,WSM,76.7,73.9,71.3,69,73.9,64.8,62.7,60.6,58.4,56.2,54,51.9,49.7,47.7,45.7,43.8,41.9,40,38.2,36.5,35,33.7,32.4,31.2,30.1,29.1,28.1,27.2,26.3,25.6,24.9,24.1,23.5,22.7,22,21.3,20.7,20,19.4,18.7,18.1,17.5,17.1,16.8,16.6,16.5,16.4,16.5,16.5,18.7,16.5,16.5,16.3,16.2,16,15.9,15.7,15.6,15.3,15.9,14.7,14.3,13.9,
Kosovo,XKX,,,,,,,,,,,,,,,,,,,,,,,,,,121.5,113.7,106.7,100,93.8,88,82.7,77.6,72.8,68,63.4,58.9,54.6,50.4,46.4,42.6,39,35.7,32.6,29.8,27.2,25,23,21.2,19.5,18.1,16.8,15.7,14.7,13.8,13,12.2,11.4,10.8,10.1,9.6,9.1,8.7,
"Yemen, Rep.",YEM,,,,,272,265,257.2,248.8,240,230.9,221.9,213.2,204.9,197.2,189.5,181.7,173.5,165.1,156.5,147.9,139.8,131.8,124.3,117.3,111.1,105.8,101.2,97.2,93.7,90.6,88.1,85.7,83.7,81.9,80.3,78.8,77.3,75.5,73.3,70.7,67.8,64.8,61.8,58.8,56,53.4,50.9,48.6,46.5,44.7,43,41.6,40.5,39.3,38.4,38.4,37.5,36.8,36.6,35.9,34.5,34.7,33.1,
South Africa,ZAF,,,,,,,,,,,,,,,90.6,86.5,82.6,78.8,75.2,71.8,68.7,65.8,63.1,60.5,58.2,56,54,52.2,50.5,49.1,47.9,46.9,46.3,45.9,45.9,46,46.4,47.2,47.6,48,49,49.4,49.8,49.7,49.6,49.9,49.1,47.5,44,40,35.7,33.4,32,31.1,30.4,29.8,29.4,28.9,28.5,28.2,28.1,27.8,27.7,
Zambia,ZMB,121.6,119.7,117.9,116.4,115.1,114.2,113.6,113,112.2,110.8,108.9,106.2,103.2,100.2,97.7,95.8,94.9,94.7,94.9,95.2,95.8,96.2,96.9,98.2,100.1,102.2,104.3,106.2,107.5,108.3,108.6,108.4,107.8,106.5,104.4,102.3,100.3,98.5,96.5,94.2,90.8,85.9,80.1,74.2,68,62.5,58.8,57,54.6,52.8,51.1,50.1,49.1,47.9,47,47.1,45.4,44,43.4,42.2,40.9,39.9,39,
Zimbabwe,ZWE,92.8,90.8,88.5,86.2,83.9,81.7,79.6,77.7,76.1,74.9,73.9,73.3,72.8,72.6,72.5,72.5,72.7,72.8,72.7,71.8,70.5,68.1,65.1,61.6,58.2,55.2,52.8,51.3,50.7,50.9,51.5,52.1,52.7,53.6,54.5,55.6,55.6,54.9,53.7,52.2,51.2,50.7,50.5,50.5,51.6,52.7,54.8,55.9,55.6,54.7,52.5,51.1,46.8,45,43,41.9,40.4,39.2,37.8,36.9,36.4,35.5,34.6,
